"film_id","title","frm_score","classification","category","rental_rate","total_rate","total_rentals","inventory","set_duration","avg_actual_rental_period","likely_late"
4,"Affair Prejudice",333,"Blockbusting","Horror","2.99","68.77","23","7",5,"4.73","no"
15,"Alien Center",333,"Blockbusting","Foreign","2.99","65.78","22","6",5,"4.91","no"
21,"American Circus",333,"Blockbusting","Action","4.99","109.78","22","6",3,"5.43","yes"
22,"Amistad Midsummer",333,"Blockbusting","New","2.99","62.79","21","7",6,"4.45","no"
55,"Barbarella Streetcar",333,"Blockbusting","Sci-Fi","2.99","74.75","25","6",6,"5.72","no"
57,"Basic Easy",333,"Blockbusting","Travel","2.99","62.79","21","7",4,"4.65","yes"
61,"Beauty Grease",333,"Blockbusting","Drama","4.99","109.78","22","6",5,"4.82","no"
67,"Berets Agent",333,"Blockbusting","Action","2.99","62.79","21","6",5,"4.45","no"
86,"Boogie Amelie",333,"Blockbusting","Music","4.99","144.71","29","8",6,"4.64","no"
103,"Bucket Brotherhood",333,"Blockbusting","Travel","4.99","169.66","34","8",7,"4.97","no"
127,"Cat Coneheads",333,"Blockbusting","Comedy","4.99","149.70","30","8",5,"5.10","yes"
129,"Cause Date",333,"Blockbusting","Documentary","2.99","62.79","21","6",3,"5.86","yes"
131,"Center Dinosaur",333,"Blockbusting","Classics","4.99","119.76","24","6",5,"4.17","no"
135,"Chance Resurrection",333,"Blockbusting","Sports","2.99","80.73","27","7",3,"5.11","yes"
154,"Clash Freddy",333,"Blockbusting","Animation","2.99","74.75","25","7",6,"4.96","no"
166,"Color Philadelphia",333,"Blockbusting","Classics","2.99","71.76","24","6",6,"5.58","no"
172,"Coneheads Smoochy",333,"Blockbusting","Drama","4.99","124.75","25","7",7,"5.52","no"
220,"Deer Virginian",333,"Blockbusting","Music","2.99","86.71","29","8",7,"5.50","no"
244,"Dorado Notting",333,"Blockbusting","Music","4.99","134.73","27","7",5,"5.96","yes"
253,"Drifter Commandments",333,"Blockbusting","Action","4.99","119.76","24","6",5,"4.43","no"
267,"Eagles Panky",333,"Blockbusting","New","4.99","109.78","22","6",4,"5.43","yes"
300,"Falcon Volume",333,"Blockbusting","Animation","4.99","109.78","22","6",5,"4.67","no"
319,"Fish Opus",333,"Blockbusting","Sci-Fi","2.99","74.75","25","7",4,"4.88","yes"
330,"Forrester Comancheros",333,"Blockbusting","Animation","4.99","134.73","27","7",7,"5.35","no"
349,"Gangs Pride",333,"Blockbusting","Animation","2.99","80.73","27","7",4,"4.52","yes"
354,"Ghost Groundhog",333,"Blockbusting","Children","4.99","104.79","21","5",6,"5.25","no"
361,"Gleaming Jawbreaker",333,"Blockbusting","Sports","2.99","86.71","29","8",5,"6.39","yes"
369,"Goodfellas Salute",333,"Blockbusting","Sci-Fi","4.99","154.69","31","8",4,"5.26","yes"
378,"Greatest North",333,"Blockbusting","Music","2.99","86.71","29","8",5,"4.79","no"
391,"Half Outfield",333,"Blockbusting","Family","2.99","77.74","26","7",6,"4.71","no"
397,"Hanky October",333,"Blockbusting","Sci-Fi","2.99","77.74","26","7",5,"5.81","yes"
403,"Harry Idaho",333,"Blockbusting","Drama","4.99","149.70","30","8",5,"5.52","yes"
437,"House Dynamite",333,"Blockbusting","Family","2.99","68.77","23","6",7,"4.74","no"
445,"Hyde Doctor",333,"Blockbusting","Classics","2.99","77.74","26","6",5,"4.36","no"
450,"Idols Snatchers",333,"Blockbusting","Children","2.99","89.70","30","7",5,"4.70","no"
468,"Invasion Cyclone",333,"Blockbusting","Children","2.99","80.73","27","8",5,"4.52","no"
476,"Jason Trap",333,"Blockbusting","Family","2.99","71.76","24","7",5,"5.26","yes"
486,"Jet Neighbors",333,"Blockbusting","Foreign","4.99","99.80","20","6",7,"6.00","no"
501,"Kissing Dolls",333,"Blockbusting","Action","4.99","99.80","20","5",3,"4.90","yes"
556,"Maltese Hope",333,"Blockbusting","Games","4.99","109.78","22","7",6,"4.55","no"
563,"Massacre Usual",333,"Blockbusting","Games","4.99","149.70","30","7",6,"5.70","no"
603,"Movie Shakespeare",333,"Blockbusting","Family","4.99","134.73","27","6",6,"5.04","no"
608,"Murder Antitrust",333,"Blockbusting","Children","2.99","68.77","23","6",6,"5.39","no"
614,"Name Detective",333,"Blockbusting","Games","4.99","114.77","23","6",5,"4.68","no"
624,"Nightmare Chill",333,"Blockbusting","Games","4.99","124.75","25","7",3,"4.60","yes"
637,"Open African",333,"Blockbusting","Sci-Fi","4.99","104.79","21","5",7,"4.86","no"
638,"Operation Operation",333,"Blockbusting","Comedy","2.99","80.73","27","8",7,"4.58","no"
670,"Pelican Comforts",333,"Blockbusting","Documentary","4.99","129.74","26","7",4,"5.88","yes"
676,"Philadelphia Wife",333,"Blockbusting","Sports","4.99","114.77","23","6",7,"5.55","no"
683,"Pity Bound",333,"Blockbusting","Drama","4.99","129.74","26","8",5,"4.38","no"
698,"Princess Giant",333,"Blockbusting","Documentary","2.99","80.73","27","7",3,"5.23","yes"
702,"Pulp Beverly",333,"Blockbusting","Horror","2.99","89.70","30","8",4,"5.10","yes"
706,"Queen Luke",333,"Blockbusting","Drama","4.99","109.78","22","6",5,"5.38","yes"
745,"Roses Treasure",333,"Blockbusting","Sports","4.99","139.72","28","8",5,"4.75","no"
764,"Saturday Lambs",333,"Blockbusting","Sports","4.99","139.72","28","8",3,"5.18","yes"
767,"Scalawag Duck",333,"Blockbusting","Music","4.99","159.68","32","8",6,"4.06","no"
771,"Scorpion Apollo",333,"Blockbusting","Drama","4.99","114.77","23","7",3,"4.96","yes"
773,"Seabiscuit Punk",333,"Blockbusting","Sports","2.99","77.74","26","8",6,"5.40","no"
775,"Seattle Expecations",333,"Blockbusting","Drama","4.99","119.76","24","5",4,"5.35","yes"
789,"Shock Cabin",333,"Blockbusting","Foreign","2.99","89.70","30","8",7,"5.43","no"
791,"Show Lord",333,"Blockbusting","Documentary","4.99","124.75","25","6",3,"4.32","yes"
804,"Sleeping Suspects",333,"Blockbusting","Horror","4.99","119.76","24","7",7,"4.96","no"
806,"Sleepy Japanese",333,"Blockbusting","New","2.99","62.79","21","5",4,"5.15","yes"
823,"South Wait",333,"Blockbusting","Action","2.99","65.78","22","7",4,"5.33","yes"
838,"Stagecoach Armageddon",333,"Blockbusting","Action","4.99","129.74","26","6",5,"4.96","no"
841,"Star Operation",333,"Blockbusting","Sports","2.99","62.79","21","7",5,"5.40","yes"
843,"Steel Santa",333,"Blockbusting","Classics","4.99","114.77","23","7",4,"4.39","yes"
846,"Sting Personal",333,"Blockbusting","New","4.99","104.79","21","8",3,"5.24","yes"
857,"Strictly Scarface",333,"Blockbusting","Comedy","2.99","68.77","23","7",3,"4.70","yes"
861,"Suit Walls",333,"Blockbusting","Games","4.99","104.79","21","6",3,"5.05","yes"
869,"Suspects Quills",333,"Blockbusting","Action","2.99","89.70","30","7",4,"5.14","yes"
892,"Titanic Boondock",333,"Blockbusting","Animation","4.99","114.77","23","7",3,"4.67","yes"
893,"Titans Jerk",333,"Blockbusting","Sci-Fi","4.99","144.71","29","8",4,"5.57","yes"
895,"Tomorrow Hustler",333,"Blockbusting","Classics","2.99","74.75","25","7",3,"4.04","yes"
897,"Torque Bound",333,"Blockbusting","Drama","4.99","134.73","27","8",3,"5.00","yes"
902,"Trading Pinocchio",333,"Blockbusting","Sports","4.99","124.75","25","7",6,"5.50","no"
914,"Trouble Date",333,"Blockbusting","Travel","2.99","68.77","23","6",6,"5.09","no"
938,"Velvet Terminator",333,"Blockbusting","Comedy","4.99","129.74","26","6",3,"4.46","yes"
985,"Wonderland Christmas",333,"Blockbusting","Sci-Fi","4.99","109.78","22","7",4,"4.91","yes"
995,"Yentl Idaho",333,"Blockbusting","Horror","4.99","114.77","23","6",5,"4.78","no"
1000,"Zorro Ark",333,"Blockbusting","Comedy","4.99","154.69","31","8",3,"4.52","yes"
114,"Camelot Vacation",332,"Blockbusting","Sci-Fi","0.99","26.73","27","7",3,"5.62","yes"
200,"Curtain Videotape",332,"Blockbusting","Games","0.99","26.73","27","8",7,"5.65","no"
228,"Detective Vision",332,"Blockbusting","Classics","0.99","26.73","27","7",4,"5.19","yes"
231,"Dinosaur Secretary",332,"Blockbusting","Family","2.99","59.80","20","8",7,"5.60","no"
247,"Downhill Enough",332,"Blockbusting","Comedy","0.99","24.75","25","7",3,"5.20","yes"
266,"Dynamite Tarzan",332,"Blockbusting","Classics","0.99","24.75","25","8",4,"4.68","yes"
273,"Effect Gladiator",332,"Blockbusting","Family","0.99","24.75","25","7",6,"5.92","no"
285,"English Bulworth",332,"Blockbusting","Sci-Fi","0.99","29.70","30","7",3,"5.20","yes"
301,"Family Sweet",332,"Blockbusting","Horror","0.99","28.71","29","8",4,"4.74","yes"
326,"Flying Hook",332,"Blockbusting","Animation","2.99","59.80","20","6",6,"6.00","yes"
341,"Frost Head",332,"Blockbusting","Classics","0.99","29.70","30","8",5,"5.55","yes"
462,"Insider Arizona",332,"Blockbusting","Music","2.99","59.80","20","5",5,"4.11","no"
489,"Juggler Hardly",332,"Blockbusting","Animation","0.99","31.68","32","8",4,"5.55","yes"
525,"Loathing Legally",332,"Blockbusting","Classics","0.99","26.73","27","8",4,"5.00","yes"
555,"Mallrats United",332,"Blockbusting","Comedy","0.99","24.75","25","7",4,"5.52","yes"
625,"None Spiking",332,"Blockbusting","Sci-Fi","0.99","26.73","27","7",3,"5.15","yes"
628,"Northwest Polish",332,"Blockbusting","Sports","2.99","59.80","20","5",5,"5.90","yes"
730,"Ridgemont Submarine",332,"Blockbusting","New","0.99","31.68","32","8",3,"6.00","yes"
738,"Rocketeer Mother",332,"Blockbusting","Foreign","0.99","32.67","33","8",3,"5.36","yes"
748,"Rugrats Shakespeare",332,"Blockbusting","Action","0.99","29.70","30","8",4,"4.57","yes"
786,"Shepherd Midsummer",332,"Blockbusting","Children","0.99","24.75","25","7",7,"4.68","no"
850,"Story Side",332,"Blockbusting","Action","0.99","27.72","28","7",7,"4.43","no"
870,"Swarm Gold",332,"Blockbusting","Horror","0.99","26.73","27","8",4,"4.96","yes"
873,"Sweethearts Suspects",332,"Blockbusting","Children","0.99","28.71","29","8",3,"5.25","yes"
945,"Virginian Pluto",332,"Blockbusting","Documentary","0.99","28.71","29","8",5,"4.36","no"
951,"Voyage Legally",332,"Blockbusting","Classics","0.99","27.72","28","7",6,"5.46","no"
993,"Wrong Behavior",332,"Blockbusting","Children","2.99","59.80","20","7",6,"4.40","no"
19,"Amadeus Holy",331,"Niche Pop","Action","0.99","20.79","21","6",6,"4.85","no"
39,"Armageddon Lost",331,"Niche Pop","Sci-Fi","0.99","20.79","21","7",5,"5.20","yes"
54,"Banger Pinocchio",331,"Niche Pop","Music","0.99","21.78","22","5",5,"4.59","no"
79,"Blade Polish",331,"Niche Pop","Drama","0.99","21.78","22","6",5,"4.05","no"
89,"Borrowers Bedazzled",331,"Niche Pop","Animation","0.99","21.78","22","6",7,"5.73","no"
91,"Bound Cheaper",331,"Niche Pop","Classics","0.99","23.76","24","8",5,"5.30","yes"
119,"Caper Motions",331,"Niche Pop","Comedy","0.99","23.76","24","7",6,"4.58","no"
122,"Carrie Bunch",331,"Niche Pop","Horror","0.99","22.77","23","7",7,"4.96","no"
142,"Chicken Hellfighters",331,"Niche Pop","Documentary","0.99","21.78","22","5",3,"4.68","yes"
143,"Chill Luck",331,"Niche Pop","Drama","0.99","21.78","22","7",6,"4.95","no"
191,"Crooked Frogmen",331,"Niche Pop","Children","0.99","22.77","23","6",6,"5.09","no"
249,"Dracula Crystal",331,"Niche Pop","Classics","0.99","20.79","21","6",7,"4.71","no"
270,"Earth Vision",331,"Niche Pop","New","0.99","22.77","23","7",7,"5.73","no"
314,"Fight Jawbreaker",331,"Niche Pop","Animation","0.99","21.78","22","6",3,"4.33","yes"
376,"Grapes Fury",331,"Niche Pop","Foreign","0.99","21.78","22","7",4,"4.29","yes"
388,"Gunfight Moon",331,"Niche Pop","Comedy","0.99","23.76","24","6",5,"5.45","yes"
406,"Haunting Pianist",331,"Niche Pop","Games","0.99","21.78","22","6",5,"5.41","yes"
467,"Intrigue Worst",331,"Niche Pop","Foreign","0.99","19.80","20","7",6,"5.37","no"
491,"Jumping Wrath",331,"Niche Pop","Children","0.99","23.76","24","6",4,"6.08","yes"
494,"Karate Moon",331,"Niche Pop","Horror","0.99","22.77","23","6",4,"4.83","yes"
496,"Kick Savannah",331,"Niche Pop","Travel","0.99","19.80","20","5",3,"4.74","yes"
535,"Love Suicides",331,"Niche Pop","Horror","0.99","19.80","20","4",6,"5.10","no"
586,"Mockingbird Hollywood",331,"Niche Pop","Action","0.99","23.76","24","8",4,"4.78","yes"
641,"Orange Grapes",331,"Niche Pop","Foreign","0.99","23.76","24","7",4,"5.33","yes"
647,"Outfield Massacre",331,"Niche Pop","Music","0.99","19.80","20","6",4,"5.53","yes"
677,"Pianist Outfield",331,"Niche Pop","New","0.99","20.79","21","7",6,"4.50","no"
681,"Pirates Roxanne",331,"Niche Pop","Sports","0.99","20.79","21","6",4,"4.95","yes"
733,"River Outlaw",331,"Niche Pop","Sports","0.99","19.80","20","7",4,"5.42","yes"
741,"Roman Punk",331,"Niche Pop","Music","0.99","23.76","24","6",7,"5.46","no"
816,"Snowman Rollercoaster",331,"Niche Pop","Animation","0.99","22.77","23","7",3,"4.87","yes"
949,"Volcano Texas",331,"Niche Pop","Games","0.99","21.78","22","6",6,"4.90","no"
966,"Wedding Apollo",331,"Niche Pop","Documentary","0.99","23.76","24","6",3,"5.30","yes"
982,"Women Dorado",331,"Niche Pop","Action","0.99","22.77","23","7",4,"4.05","yes"
25,"Angels Life",323,"Blockbusting","New","2.99","65.78","22","6",3,"5.14","yes"
31,"Apache Divine",323,"Blockbusting","Family","4.99","154.69","31","8",5,"4.13","no"
35,"Arachnophobia Rollercoaster",323,"Blockbusting","Horror","2.99","71.76","24","7",4,"5.54","yes"
37,"Arizona Bang",323,"Blockbusting","Classics","2.99","62.79","21","7",3,"4.57","yes"
49,"Badman Dawn",323,"Blockbusting","Sci-Fi","2.99","62.79","21","6",6,"4.62","no"
51,"Balloon Homeward",323,"Blockbusting","Music","2.99","68.77","23","6",5,"5.61","yes"
59,"Bear Graceland",323,"Blockbusting","Children","2.99","65.78","22","5",4,"5.45","yes"
69,"Beverly Outlaw",323,"Blockbusting","Sci-Fi","2.99","62.79","21","8",3,"5.19","yes"
73,"Bingo Talented",323,"Blockbusting","Sci-Fi","2.99","86.71","29","8",5,"5.76","yes"
78,"Blackout Private",323,"Blockbusting","Animation","2.99","80.73","27","7",7,"4.44","no"
83,"Blues Instinct",323,"Blockbusting","Family","2.99","62.79","21","5",5,"4.57","no"
112,"Calendar Gunfight",323,"Blockbusting","Foreign","4.99","104.79","21","7",4,"5.10","yes"
159,"Closer Bang",323,"Blockbusting","Comedy","4.99","139.72","28","7",5,"4.96","no"
162,"Clueless Bucket",323,"Blockbusting","Action","2.99","74.75","25","7",4,"4.76","yes"
167,"Coma Head",323,"Blockbusting","Travel","4.99","129.74","26","7",6,"4.54","no"
174,"Confidential Interview",323,"Blockbusting","Music","4.99","144.71","29","8",6,"5.21","no"
193,"Crossroads Casualties",323,"Blockbusting","Animation","2.99","62.79","21","8",5,"4.38","no"
239,"Dogma Family",323,"Blockbusting","Animation","4.99","149.70","30","8",5,"4.70","no"
255,"Driving Polish",323,"Blockbusting","Music","4.99","104.79","21","6",6,"4.90","no"
288,"Escape Metropolis",323,"Blockbusting","Travel","2.99","74.75","25","6",7,"4.56","no"
305,"Fatal Haunted",323,"Blockbusting","New","2.99","83.72","28","7",6,"5.39","no"
313,"Fidelity Devil",323,"Blockbusting","Horror","4.99","104.79","21","6",5,"5.24","yes"
320,"Flamingos Connecticut",323,"Blockbusting","New","4.99","114.77","23","7",4,"4.35","yes"
322,"Flatliners Killer",323,"Blockbusting","Sports","2.99","65.78","22","6",5,"5.32","yes"
331,"Forward Temple",323,"Blockbusting","Games","2.99","95.68","32","8",6,"5.63","no"
334,"Freddy Storm",323,"Blockbusting","Horror","4.99","114.77","23","6",6,"5.35","no"
356,"Giant Troopers",323,"Blockbusting","Children","2.99","83.72","28","8",5,"4.21","no"
408,"Head Stranger",323,"Blockbusting","Games","4.99","109.78","22","7",4,"4.95","yes"
412,"Heavyweights Beast",323,"Blockbusting","Documentary","4.99","114.77","23","8",6,"4.65","no"
415,"High Encino",323,"Blockbusting","Horror","2.99","65.78","22","6",3,"5.32","yes"
428,"Homicide Peach",323,"Blockbusting","Family","2.99","65.78","22","6",6,"4.23","no"
433,"Horn Working",323,"Blockbusting","Animation","2.99","71.76","24","6",4,"4.50","yes"
444,"Hustler Party",323,"Blockbusting","Comedy","4.99","109.78","22","8",3,"6.50","yes"
447,"Ice Crossing",323,"Blockbusting","Games","2.99","71.76","24","7",5,"4.92","no"
471,"Island Exorcist",323,"Blockbusting","Classics","2.99","77.74","26","7",7,"4.81","no"
514,"Lebowski Soldiers",323,"Blockbusting","Drama","2.99","62.79","21","6",6,"4.48","no"
551,"Maiden Home",323,"Blockbusting","New","4.99","119.76","24","6",3,"4.54","yes"
554,"Malkovich Pet",323,"Blockbusting","Classics","2.99","77.74","26","7",6,"4.31","no"
559,"Married Go",323,"Blockbusting","Sci-Fi","2.99","89.70","30","8",7,"4.67","no"
571,"Metal Armageddon",323,"Blockbusting","Documentary","2.99","74.75","25","6",6,"6.12","yes"
596,"Moonshine Cabin",323,"Blockbusting","Games","4.99","104.79","21","6",4,"5.05","yes"
609,"Muscle Bright",323,"Blockbusting","Travel","2.99","89.70","30","8",7,"4.27","no"
621,"Network Peak",323,"Blockbusting","Family","2.99","92.69","31","8",5,"5.55","yes"
644,"Oscar Gold",323,"Blockbusting","Animation","2.99","74.75","25","7",7,"5.00","no"
645,"Others Soup",323,"Blockbusting","Travel","2.99","68.77","23","6",7,"5.04","no"
649,"Oz Liaisons",323,"Blockbusting","Animation","2.99","71.76","24","6",4,"4.00","yes"
665,"Patton Interview",323,"Blockbusting","Horror","2.99","68.77","23","7",4,"4.87","yes"
715,"Range Moonwalker",323,"Blockbusting","Family","4.99","134.73","27","7",3,"4.04","yes"
759,"Salute Apollo",323,"Blockbusting","New","2.99","68.77","23","6",4,"4.65","yes"
760,"Samurai Lion",323,"Blockbusting","New","2.99","74.75","25","7",5,"5.44","yes"
772,"Sea Virgin",323,"Blockbusting","Drama","2.99","65.78","22","6",4,"4.77","yes"
776,"Secret Groundhog",323,"Blockbusting","Documentary","4.99","104.79","21","5",6,"4.86","no"
778,"Secrets Paradise",323,"Blockbusting","Family","4.99","99.80","20","6",3,"5.35","yes"
814,"Snatch Slipper",323,"Blockbusting","Comedy","4.99","109.78","22","7",6,"5.73","no"
835,"Spy Mile",323,"Blockbusting","Games","2.99","80.73","27","8",6,"5.19","no"
856,"Streetcar Intentions",323,"Blockbusting","Horror","4.99","124.75","25","8",5,"4.20","no"
879,"Telegraph Voyage",323,"Blockbusting","Music","4.99","134.73","27","7",3,"6.48","yes"
880,"Telemark Heartbreakers",323,"Blockbusting","Animation","2.99","74.75","25","8",6,"4.80","no"
911,"Trip Newton",323,"Blockbusting","Action","4.99","139.72","28","8",7,"4.25","no"
915,"Truman Crazy",323,"Blockbusting","Action","4.99","114.77","23","6",7,"4.65","no"
922,"Undefeated Dalmations",323,"Blockbusting","Horror","4.99","104.79","21","7",7,"4.67","no"
930,"Vacation Boondock",323,"Blockbusting","Sci-Fi","2.99","62.79","21","6",4,"4.90","yes"
958,"Wardrobe Phantom",323,"Blockbusting","Drama","2.99","80.73","27","6",6,"4.85","no"
972,"Whisperer Giant",323,"Blockbusting","Sci-Fi","4.99","109.78","22","6",4,"5.55","yes"
973,"Wife Turn",323,"Blockbusting","Documentary","4.99","154.69","31","8",3,"4.84","yes"
979,"Witches Panic",323,"Blockbusting","Drama","4.99","149.70","30","7",6,"5.53","no"
989,"Working Microcosmos",323,"Blockbusting","Travel","4.99","124.75","25","6",4,"5.00","yes"
12,"Alaska Phantom",322,"Blockbusting","Music","0.99","25.74","26","7",6,"5.27","no"
99,"Bringing Hysterical",322,"Blockbusting","Comedy","2.99","59.80","20","6",7,"5.80","no"
101,"Brotherhood Blanket",322,"Blockbusting","Documentary","0.99","25.74","26","6",3,"5.69","yes"
109,"Butterfly Chocolat",322,"Blockbusting","New","0.99","29.70","30","8",3,"6.03","yes"
295,"Expendable Stallion",322,"Blockbusting","Documentary","0.99","27.72","28","8",3,"5.18","yes"
358,"Gilmore Boiled",322,"Blockbusting","Classics","0.99","27.72","28","8",5,"5.32","yes"
374,"Graffiti Love",322,"Blockbusting","Sci-Fi","0.99","29.70","30","7",3,"4.03","yes"
382,"Grit Clockwork",322,"Blockbusting","Games","0.99","31.68","32","8",3,"5.28","yes"
387,"Gun Bonnie",322,"Blockbusting","Games","0.99","24.75","25","6",7,"5.88","no"
395,"Handicap Boondock",322,"Blockbusting","Action","0.99","27.72","28","6",4,"4.61","yes"
417,"Hills Neighbors",322,"Blockbusting","Action","0.99","24.75","25","6",5,"6.28","yes"
434,"Horror Reign",322,"Blockbusting","Travel","0.99","26.73","27","8",3,"4.89","yes"
484,"Jerk Paycheck",322,"Blockbusting","Classics","2.99","59.80","20","7",3,"5.25","yes"
545,"Madness Attacks",322,"Blockbusting","Foreign","0.99","24.75","25","6",4,"5.60","yes"
687,"Pocus Pulp",322,"Blockbusting","Documentary","0.99","25.74","26","7",6,"5.00","no"
723,"Reign Gentlemen",322,"Blockbusting","Sci-Fi","2.99","59.80","20","7",3,"5.30","yes"
849,"Storm Happiness",322,"Blockbusting","Animation","0.99","28.71","29","8",6,"4.79","no"
875,"Talented Homicide",322,"Blockbusting","Sports","0.99","28.71","29","7",6,"4.66","no"
890,"Tights Dawn",322,"Blockbusting","Sports","0.99","25.74","26","7",5,"5.35","yes"
891,"Timberland Sky",322,"Blockbusting","Classics","0.99","30.69","31","7",3,"5.81","yes"
901,"Tracy Cider",322,"Blockbusting","Animation","0.99","25.74","26","7",3,"5.12","yes"
970,"Westward Seabiscuit",322,"Blockbusting","Classics","0.99","25.74","26","7",7,"5.85","no"
1,"Academy Dinosaur",321,"Niche Pop","Documentary","0.99","22.77","23","7",6,"5.09","no"
18,"Alter Victory",321,"Niche Pop","Animation","0.99","21.78","22","6",6,"4.68","no"
26,"Annie Identity",321,"Niche Pop","Sci-Fi","0.99","21.78","22","5",3,"4.23","yes"
130,"Celebrity Horn",321,"Niche Pop","Action","0.99","23.76","24","6",7,"5.29","no"
132,"Chainsaw Uptown",321,"Niche Pop","Sci-Fi","0.99","20.79","21","6",6,"4.76","no"
140,"Cheaper Clyde",321,"Niche Pop","Sci-Fi","0.99","19.80","20","5",6,"5.55","no"
164,"Coast Rainbow",321,"Niche Pop","Documentary","0.99","20.79","21","5",4,"4.43","yes"
176,"Congeniality Quest",321,"Niche Pop","Sports","0.99","21.78","22","6",6,"5.18","no"
218,"Deceiver Betrayed",321,"Niche Pop","Drama","0.99","20.79","21","7",7,"3.95","no"
242,"Doom Dancing",321,"Niche Pop","Comedy","0.99","20.79","21","5",4,"6.24","yes"
245,"Double Wrath",321,"Niche Pop","Animation","0.99","24.75","25","7",4,"5.36","yes"
317,"Fireball Philadelphia",321,"Niche Pop","Comedy","0.99","20.79","21","7",4,"5.52","yes"
363,"Go Purple",321,"Niche Pop","Music","0.99","19.80","20","6",3,"4.30","yes"
377,"Grease Youth",321,"Niche Pop","Family","0.99","20.79","21","6",7,"4.19","no"
416,"Highball Potter",321,"Niche Pop","Foreign","0.99","20.79","21","6",6,"4.86","no"
504,"Kwai Homeward",321,"Niche Pop","Drama","0.99","22.77","23","6",5,"5.26","yes"
602,"Mourning Purple",321,"Niche Pop","Sci-Fi","0.99","20.79","21","5",5,"4.76","no"
646,"Outbreak Divine",321,"Niche Pop","Games","0.99","22.77","23","5",6,"5.00","no"
650,"Pacific Amistad",321,"Niche Pop","Documentary","0.99","23.76","24","6",3,"3.96","yes"
651,"Packer Madigan",321,"Niche Pop","Animation","0.99","21.78","22","6",3,"4.45","yes"
728,"Reunion Witches",321,"Niche Pop","Drama","0.99","19.80","20","5",3,"3.95","yes"
743,"Room Roman",321,"Niche Pop","Animation","0.99","19.80","20","6",7,"4.95","no"
790,"Shootist Superfly",321,"Niche Pop","Drama","0.99","23.76","24","7",6,"5.08","no"
833,"Splendor Patton",321,"Niche Pop","Children","0.99","20.79","21","7",5,"4.67","no"
920,"Unbreakable Karate",321,"Niche Pop","New","0.99","20.79","21","5",3,"5.67","yes"
953,"Wait Cider",321,"Niche Pop","Animation","0.99","20.79","21","6",3,"5.81","yes"
976,"Wind Phantom",321,"Niche Pop","Games","0.99","22.77","23","6",6,"4.87","no"
6,"Agent Truman",313,"Regular Hit","Foreign","2.99","62.79","21","6",3,"5.90","yes"
10,"Aladdin Calendar",313,"Regular Hit","Sports","4.99","114.77","23","7",6,"4.91","no"
43,"Atlantis Cause",313,"Regular Hit","Family","2.99","71.76","24","7",6,"4.67","no"
45,"Attraction Newton",313,"Regular Hit","New","4.99","119.76","24","6",5,"4.33","no"
100,"Brooklyn Desert",313,"Regular Hit","Foreign","4.99","104.79","21","6",7,"5.48","no"
117,"Candles Grapes",313,"Regular Hit","Games","4.99","114.77","23","6",6,"4.70","no"
138,"Chariots Conspiracy",313,"Regular Hit","Sci-Fi","2.99","62.79","21","5",5,"3.95","no"
181,"Contact Anonymous",313,"Regular Hit","Travel","2.99","77.74","26","7",7,"5.00","no"
199,"Cupboard Sinners",313,"Regular Hit","Documentary","2.99","68.77","23","8",4,"5.00","yes"
234,"Disturbing Scarface",313,"Regular Hit","Sci-Fi","2.99","77.74","26","7",6,"4.54","no"
235,"Divide Monster",313,"Regular Hit","Sci-Fi","2.99","62.79","21","6",6,"4.62","no"
252,"Dream Pickup",313,"Regular Hit","Action","2.99","65.78","22","6",6,"5.23","no"
263,"Durham Panky",313,"Regular Hit","Sports","4.99","129.74","26","7",6,"4.77","no"
271,"Easy Gladiator",313,"Regular Hit","Action","4.99","114.77","23","5",5,"5.96","yes"
274,"Egg Igby",313,"Regular Hit","Documentary","2.99","62.79","21","7",4,"5.76","yes"
284,"Enemy Odds",313,"Regular Hit","Music","4.99","144.71","29","7",5,"4.93","no"
304,"Fargo Gandhi",313,"Regular Hit","Children","2.99","71.76","24","6",3,"4.04","yes"
307,"Fellowship Autumn",313,"Regular Hit","Travel","4.99","129.74","26","6",6,"5.58","no"
327,"Fool Mockingbird",313,"Regular Hit","Action","4.99","114.77","23","6",3,"5.48","yes"
353,"Gentlemen Stage",313,"Regular Hit","Foreign","2.99","68.77","23","6",6,"5.13","no"
443,"Hurricane Affair",313,"Regular Hit","Comedy","2.99","71.76","24","7",6,"5.25","no"
460,"Innocent Usual",313,"Regular Hit","Foreign","4.99","129.74","26","8",3,"4.96","yes"
500,"Kiss Glory",313,"Regular Hit","Foreign","4.99","109.78","22","8",5,"5.09","yes"
502,"Knock Warlock",313,"Regular Hit","Comedy","2.99","71.76","24","7",4,"5.58","yes"
518,"Liaisons Sweet",313,"Regular Hit","Travel","4.99","109.78","22","6",5,"4.68","no"
521,"Lies Treatment",313,"Regular Hit","Drama","4.99","134.73","27","7",7,"5.19","no"
527,"Lola Agent",313,"Regular Hit","Horror","4.99","119.76","24","6",4,"5.29","yes"
572,"Metropolis Coma",313,"Regular Hit","Sci-Fi","2.99","77.74","26","8",4,"5.35","yes"
575,"Midsummer Groundhog",313,"Regular Hit","Documentary","4.99","109.78","22","6",3,"4.59","yes"
694,"Prejudice Oleander",313,"Regular Hit","Classics","4.99","99.80","20","6",6,"5.60","no"
735,"Robbers Joon",313,"Regular Hit","Children","2.99","92.69","31","7",7,"4.84","no"
755,"Sabrina Midnight",313,"Regular Hit","Children","4.99","104.79","21","7",5,"4.62","no"
782,"Shakespeare Saddle",313,"Regular Hit","Sports","2.99","65.78","22","6",6,"5.50","no"
800,"Sinners Atlantis",313,"Regular Hit","Horror","2.99","65.78","22","6",7,"5.32","no"
865,"Sunrise League",313,"Regular Hit","Animation","4.99","119.76","24","6",3,"4.83","yes"
898,"Tourist Pelican",313,"Regular Hit","Sports","4.99","109.78","22","5",4,"4.95","yes"
941,"Videotape Arsenic",313,"Regular Hit","Games","4.99","144.71","29","7",4,"4.38","yes"
961,"Wash Heavenly",313,"Regular Hit","Foreign","4.99","114.77","23","5",7,"4.78","no"
206,"Dancing Fever",312,"Regular Hit","Documentary","0.99","26.73","27","8",6,"6.22","yes"
303,"Fantasy Troopers",312,"Regular Hit","Action","0.99","25.74","26","6",6,"5.23","no"
309,"Feud Frogmen",312,"Regular Hit","Family","0.99","24.75","25","6",6,"4.56","no"
367,"Goldmine Tycoon",312,"Regular Hit","Sci-Fi","0.99","26.73","27","7",6,"5.41","no"
418,"Hobbit Alien",312,"Regular Hit","Drama","0.99","30.69","31","8",5,"5.74","yes"
531,"Lose Inch",312,"Regular Hit","Foreign","0.99","26.73","27","8",3,"4.56","yes"
590,"Money Harold",312,"Regular Hit","New","2.99","59.80","20","7",3,"5.15","yes"
595,"Moon Bunch",312,"Regular Hit","Foreign","0.99","28.71","29","8",7,"4.97","no"
697,"Primary Glass",312,"Regular Hit","Action","0.99","26.73","27","8",7,"4.48","no"
753,"Rush Goodfellas",312,"Regular Hit","Family","0.99","30.69","31","8",3,"4.55","yes"
863,"Sun Confessions",312,"Regular Hit","Sci-Fi","0.99","24.75","25","7",5,"5.24","yes"
11,"Alamo Videotape",311,"Regular Hit","Foreign","0.99","23.76","24","7",6,"5.08","no"
23,"Anaconda Confessions",311,"Regular Hit","Animation","0.99","20.79","21","5",3,"4.38","yes"
147,"Chocolat Harry",311,"Regular Hit","Family","0.99","19.80","20","6",5,"5.70","yes"
149,"Christmas Moonshine",311,"Regular Hit","Children","0.99","20.79","21","6",7,"5.24","no"
280,"Empire Malkovich",311,"Regular Hit","Children","0.99","20.79","21","6",7,"5.86","no"
292,"Excitement Eve",311,"Regular Hit","Action","0.99","20.79","21","6",3,"4.76","yes"
366,"Goldfinger Sensibility",311,"Regular Hit","Drama","0.99","23.76","24","7",3,"5.13","yes"
727,"Resurrection Silverado",311,"Regular Hit","Family","0.99","20.79","21","5",6,"4.43","no"
807,"Sleuth Orient",311,"Regular Hit","Games","0.99","20.79","21","5",4,"4.95","yes"
810,"Slums Duck",311,"Regular Hit","Family","0.99","23.76","24","7",5,"5.21","yes"
852,"Strangelove Desire",311,"Regular Hit","Children","0.99","23.76","24","7",4,"6.29","yes"
906,"Tramp Others",311,"Regular Hit","Comedy","0.99","19.80","20","5",4,"5.05","yes"
981,"Wolves Desire",311,"Regular Hit","Travel","0.99","20.79","21","6",7,"4.10","no"
8,"Airport Pollock",233,"Blockbusting","Horror","4.99","89.82","18","4",6,"5.06","no"
95,"Breakfast Goldfinger",233,"Blockbusting","New","4.99","84.83","17","5",5,"5.53","yes"
139,"Chasing Fight",233,"Blockbusting","Family","4.99","99.80","20","6",7,"5.58","no"
183,"Conversation Downhill",233,"Blockbusting","Family","4.99","84.83","17","6",4,"5.56","yes"
212,"Darn Forrester",233,"Blockbusting","Action","4.99","89.82","18","5",7,"5.78","no"
216,"Day Unfaithful",233,"Blockbusting","New","4.99","69.86","14","5",3,"6.08","yes"
219,"Deep Crusade",233,"Blockbusting","Documentary","4.99","69.86","14","4",6,"5.54","no"
222,"Desert Poseidon",233,"Blockbusting","Horror","4.99","94.81","19","6",4,"4.53","yes"
227,"Details Packer",233,"Blockbusting","Games","4.99","94.81","19","5",4,"5.50","yes"
229,"Devil Desire",233,"Blockbusting","Action","4.99","74.85","15","4",6,"5.00","no"
243,"Doors President",233,"Blockbusting","Animation","4.99","94.81","19","6",3,"4.41","yes"
251,"Dragonfly Strangers",233,"Blockbusting","New","4.99","89.82","18","5",6,"4.88","no"
272,"Edge Kissing",233,"Blockbusting","Drama","4.99","74.85","15","4",5,"5.00","yes"
385,"Groundhog Uncut",233,"Blockbusting","Comedy","4.99","89.82","18","5",6,"5.24","no"
392,"Hall Cassidy",233,"Blockbusting","Children","4.99","79.84","16","6",5,"5.13","yes"
409,"Heartbreakers Bright",233,"Blockbusting","Children","4.99","99.80","20","7",3,"4.40","yes"
420,"Holes Brannigan",233,"Blockbusting","Sports","4.99","74.85","15","5",7,"5.29","no"
439,"Hunchback Impossible",233,"Blockbusting","Drama","4.99","99.80","20","6",4,"5.00","yes"
451,"Igby Maker",233,"Blockbusting","Travel","4.99","94.81","19","5",7,"5.44","no"
506,"Lady Stage",233,"Blockbusting","Horror","4.99","84.83","17","6",4,"5.50","yes"
510,"Lawless Vision",233,"Blockbusting","Animation","4.99","84.83","17","4",6,"4.19","no"
580,"Mine Titans",233,"Blockbusting","New","4.99","94.81","19","6",3,"5.79","yes"
648,"Outlaw Hanky",233,"Blockbusting","Travel","4.99","69.86","14","6",7,"4.85","no"
666,"Paycheck Wait",233,"Blockbusting","Drama","4.99","79.84","16","5",4,"4.69","yes"
680,"Pinocchio Simon",233,"Blockbusting","Comedy","4.99","99.80","20","6",4,"5.15","yes"
691,"Poseidon Forever",233,"Blockbusting","Sports","4.99","84.83","17","5",6,"5.35","no"
710,"Rage Games",233,"Blockbusting","Family","4.99","94.81","19","6",4,"4.21","yes"
768,"Scarface Bang",233,"Blockbusting","Children","4.99","89.82","18","6",3,"4.47","yes"
785,"Shawshank Bubble",233,"Blockbusting","Travel","4.99","94.81","19","6",6,"5.50","no"
805,"Sleepless Monsoon",233,"Blockbusting","Animation","4.99","99.80","20","5",5,"5.00","yes"
871,"Sweden Shining",233,"Blockbusting","Comedy","4.99","89.82","18","5",6,"6.59","yes"
929,"Usual Untouchables",233,"Blockbusting","Foreign","4.99","64.87","13","4",5,"3.62","no"
956,"Wanda Chamber",233,"Blockbusting","Games","4.99","79.84","16","4",7,"5.40","no"
968,"Werewolf Lola",233,"Blockbusting","Action","4.99","69.86","14","3",6,"5.14","no"
971,"Whale Bikini",233,"Blockbusting","Foreign","4.99","89.82","18","4",4,"6.11","yes"
50,"Baked Cleopatra",232,"Niche Pop","Family","2.99","47.84","16","5",3,"4.60","yes"
56,"Barefoot Manchurian",232,"Niche Pop","Action","2.99","53.82","18","5",6,"5.06","no"
72,"Bill Others",232,"Niche Pop","Documentary","2.99","56.81","19","6",6,"5.00","no"
116,"Candidate Perdition",232,"Niche Pop","Classics","2.99","53.82","18","6",4,"6.00","yes"
137,"Charade Duffel",232,"Niche Pop","Sci-Fi","2.99","44.85","15","4",3,"5.07","yes"
201,"Cyclone Family",232,"Niche Pop","Foreign","2.99","44.85","15","4",7,"5.29","no"
236,"Divine Resurrection",232,"Niche Pop","Games","2.99","44.85","15","4",4,"4.86","yes"
254,"Driver Annie",232,"Niche Pop","Sports","2.99","53.82","18","5",4,"3.94","no"
286,"Enough Raging",232,"Niche Pop","Travel","2.99","53.82","18","5",7,"5.35","no"
296,"Express Lonely",232,"Niche Pop","Sci-Fi","2.99","38.87","13","4",5,"4.31","no"
302,"Fantasia Park",232,"Niche Pop","Games","2.99","56.81","19","6",5,"4.89","no"
329,"Forrest Sons",232,"Niche Pop","Action","2.99","53.82","18","6",4,"5.44","yes"
351,"Gaslight Crusade",232,"Niche Pop","Horror","2.99","47.84","16","6",4,"4.00","yes"
370,"Gorgeous Bingo",232,"Niche Pop","Children","2.99","56.81","19","5",4,"6.56","yes"
442,"Hunting Musketeers",232,"Niche Pop","Family","2.99","44.85","15","3",6,"5.00","no"
453,"Image Princess",232,"Niche Pop","Sports","2.99","41.86","14","5",3,"4.93","yes"
464,"Intentions Empire",232,"Niche Pop","Animation","2.99","50.83","17","7",3,"4.47","yes"
481,"Jekyll Frogmen",232,"Niche Pop","New","2.99","50.83","17","6",4,"5.18","yes"
483,"Jericho Mulan",232,"Niche Pop","Games","2.99","50.83","17","5",3,"5.41","yes"
536,"Lovely Jingle",232,"Niche Pop","Classics","2.99","41.86","14","5",3,"4.46","yes"
542,"Lust Lock",232,"Niche Pop","Action","2.99","44.85","15","6",3,"3.62","yes"
557,"Manchurian Curtain",232,"Niche Pop","Family","2.99","44.85","15","5",5,"5.60","yes"
592,"Monster Spartacus",232,"Niche Pop","Music","2.99","44.85","15","4",6,"4.93","no"
643,"Orient Closer",232,"Niche Pop","Drama","2.99","50.83","17","6",3,"4.29","yes"
667,"Peach Innocent",232,"Niche Pop","Sports","2.99","41.86","14","4",3,"5.77","yes"
672,"Perfect Groove",232,"Niche Pop","Comedy","2.99","50.83","17","6",7,"6.41","no"
689,"Pollock Deliverance",232,"Niche Pop","Foreign","2.99","53.82","18","6",5,"4.65","no"
704,"Pure Runner",232,"Niche Pop","Comedy","2.99","47.84","16","5",3,"6.00","yes"
709,"Racer Egg",232,"Niche Pop","Drama","2.99","53.82","18","6",7,"4.83","no"
756,"Saddle Antitrust",232,"Niche Pop","Comedy","2.99","41.86","14","3",7,"5.07","no"
792,"Shrek License",232,"Niche Pop","Foreign","2.99","44.85","15","3",7,"3.64","no"
793,"Shrunk Divine",232,"Niche Pop","Action","2.99","41.86","14","4",6,"5.64","no"
820,"Sons Interview",232,"Niche Pop","Animation","2.99","44.85","15","6",3,"5.15","yes"
872,"Sweet Brotherhood",232,"Niche Pop","Travel","2.99","44.85","15","3",3,"4.93","yes"
912,"Trojan Tomorrow",232,"Niche Pop","Sci-Fi","2.99","56.81","19","6",3,"3.50","yes"
927,"Uprising Uptown",232,"Niche Pop","Action","2.99","47.84","16","4",6,"5.19","no"
936,"Vanishing Rocky",232,"Niche Pop","Music","2.99","53.82","18","6",3,"4.59","yes"
937,"Varsity Trip",232,"Niche Pop","New","2.99","47.84","16","5",7,"4.13","no"
986,"Wonka Sea",232,"Niche Pop","Animation","2.99","53.82","18","6",6,"4.61","no"
17,"Alone Trip",231,"Emerging Trend","Music","0.99","17.82","18","6",3,"5.47","yes"
90,"Boulevard Mob",231,"Emerging Trend","New","0.99","17.82","18","6",3,"5.65","yes"
97,"Bride Intrigue",231,"Emerging Trend","Action","0.99","18.81","19","6",7,"4.53","no"
105,"Bull Shawshank",231,"Emerging Trend","Action","0.99","15.84","16","5",6,"4.73","no"
118,"Canyon Stock",231,"Emerging Trend","Animation","0.99","18.81","19","6",7,"4.94","no"
155,"Cleopatra Devil",231,"Emerging Trend","New","0.99","17.82","18","5",6,"6.00","yes"
160,"Club Graffiti",231,"Emerging Trend","Animation","0.99","18.81","19","5",4,"4.82","yes"
189,"Creatures Shakespeare",231,"Emerging Trend","Games","0.99","15.84","16","6",3,"5.93","yes"
205,"Dances None",231,"Emerging Trend","Action","0.99","13.86","14","4",3,"4.17","yes"
233,"Disciple Mother",231,"Emerging Trend","Travel","0.99","18.81","19","6",3,"3.56","yes"
281,"Encino Elf",231,"Emerging Trend","Games","0.99","18.81","19","6",6,"4.72","no"
345,"Gables Metropolis",231,"Emerging Trend","Family","0.99","18.81","19","5",3,"4.83","yes"
360,"Glass Dying",231,"Emerging Trend","Action","0.99","13.86","14","4",4,"5.64","yes"
379,"Greedy Roots",231,"Emerging Trend","Drama","0.99","13.86","14","4",7,"3.29","no"
402,"Harper Dying",231,"Emerging Trend","Animation","0.99","19.80","20","6",3,"5.70","yes"
452,"Illusion Amelie",231,"Emerging Trend","Foreign","0.99","14.85","15","4",4,"4.93","yes"
458,"Indian Love",231,"Emerging Trend","Family","0.99","15.84","16","6",4,"5.63","yes"
461,"Insects Stone",231,"Emerging Trend","Animation","0.99","17.82","18","6",3,"3.29","yes"
488,"Joon Northwest",231,"Emerging Trend","Sports","0.99","16.83","17","5",3,"4.06","yes"
574,"Midnight Westward",231,"Emerging Trend","Action","0.99","16.83","17","5",3,"4.25","yes"
598,"Mosquito Armageddon",231,"Emerging Trend","Sports","0.99","14.85","15","4",6,"5.14","no"
599,"Mother Oleander",231,"Emerging Trend","Sports","0.99","13.86","14","5",3,"6.86","yes"
600,"Motions Details",231,"Emerging Trend","Horror","0.99","15.84","16","4",5,"4.73","no"
606,"Mummy Creatures",231,"Emerging Trend","Sports","0.99","15.84","16","6",3,"5.60","yes"
610,"Music Boondock",231,"Emerging Trend","Family","0.99","18.81","19","5",7,"5.00","no"
663,"Patient Sister",231,"Emerging Trend","Classics","0.99","18.81","19","5",7,"4.32","no"
696,"Pride Alamo",231,"Emerging Trend","Animation","0.99","15.84","16","5",6,"3.40","no"
744,"Roots Remember",231,"Emerging Trend","Classics","0.99","16.83","17","5",4,"5.00","yes"
812,"Smoking Barbarella",231,"Emerging Trend","Documentary","0.99","17.82","18","6",7,"4.29","no"
855,"Streak Ridgemont",231,"Emerging Trend","Documentary","0.99","15.84","16","4",7,"6.00","no"
862,"Summer Scarface",231,"Emerging Trend","Classics","0.99","15.84","16","5",5,"5.00","yes"
864,"Sundance Invasion",231,"Emerging Trend","Children","0.99","18.81","19","6",5,"5.11","yes"
7,"Airplane Sierra",223,"Regular Hit","Comedy","4.99","74.85","15","5",6,"4.53","no"
28,"Anthem Luke",223,"Regular Hit","Comedy","4.99","74.85","15","3",5,"4.73","no"
44,"Attacks Hate",223,"Regular Hit","Sci-Fi","4.99","79.84","16","5",5,"5.75","yes"
48,"Backlash Undefeated",223,"Regular Hit","Children","4.99","94.81","19","4",3,"6.16","yes"
70,"Bikini Borrowers",223,"Regular Hit","Animation","4.99","84.83","17","4",7,"6.12","no"
71,"Bilko Anonymous",223,"Regular Hit","Family","4.99","64.87","13","4",3,"5.46","yes"
77,"Birds Perdition",223,"Regular Hit","New","4.99","89.82","18","6",5,"4.72","no"
81,"Blindness Gun",223,"Regular Hit","Sci-Fi","4.99","69.86","14","4",6,"5.14","no"
123,"Casablanca Super",223,"Regular Hit","Travel","4.99","79.84","16","5",6,"4.19","no"
165,"Coldblooded Darling",223,"Regular Hit","Sci-Fi","4.99","79.84","16","5",7,"5.75","no"
179,"Conquerer Nuts",223,"Regular Hit","Drama","4.99","79.84","16","4",4,"4.31","yes"
190,"Creepers Kane",223,"Regular Hit","Classics","4.99","69.86","14","4",5,"4.07","no"
203,"Daisy Menagerie",223,"Regular Hit","Sci-Fi","4.99","79.84","16","4",5,"4.25","no"
215,"Dawn Pond",223,"Regular Hit","Games","4.99","89.82","18","6",4,"5.56","yes"
260,"Dude Blindness",223,"Regular Hit","Sports","4.99","79.84","16","4",3,"4.50","yes"
277,"Elephant Trojan",223,"Regular Hit","Horror","4.99","69.86","14","3",4,"4.57","yes"
321,"Flash Wars",223,"Regular Hit","New","4.99","64.87","13","4",3,"5.00","yes"
324,"Flintstones Happiness",223,"Regular Hit","Comedy","4.99","84.83","17","5",3,"5.71","yes"
346,"Galaxy Sweethearts",223,"Regular Hit","Classics","4.99","89.82","18","6",4,"4.39","yes"
347,"Games Bowfinger",223,"Regular Hit","Travel","4.99","69.86","14","4",7,"3.93","no"
350,"Garden Island",223,"Regular Hit","Sci-Fi","4.99","99.80","20","8",3,"5.00","yes"
365,"Gold River",223,"Regular Hit","Comedy","4.99","69.86","14","4",4,"5.21","yes"
421,"Holiday Games",223,"Regular Hit","Foreign","4.99","74.85","15","4",7,"5.13","no"
456,"Inch Jet",223,"Regular Hit","Animation","4.99","89.82","18","6",6,"4.72","no"
532,"Loser Hustler",223,"Regular Hit","Sports","4.99","74.85","15","4",5,"5.07","yes"
578,"Million Ace",223,"Regular Hit","Classics","4.99","99.80","20","5",4,"4.70","yes"
655,"Panther Reds",223,"Regular Hit","Sci-Fi","4.99","74.85","15","6",5,"4.93","no"
668,"Peak Forever",223,"Regular Hit","Sports","4.99","99.80","20","5",7,"4.55","no"
708,"Quills Bull",223,"Regular Hit","Documentary","4.99","79.84","16","4",4,"4.38","yes"
711,"Raging Airplane",223,"Regular Hit","Sci-Fi","4.99","64.87","13","4",4,"4.69","yes"
725,"Requiem Tycoon",223,"Regular Hit","Classics","4.99","94.81","19","6",6,"4.84","no"
734,"Road Roxanne",223,"Regular Hit","Documentary","4.99","94.81","19","6",4,"5.16","yes"
739,"Rocky War",223,"Regular Hit","Drama","4.99","79.84","16","5",4,"4.88","yes"
763,"Satisfaction Confidential",223,"Regular Hit","Sports","4.99","84.83","17","5",3,"5.29","yes"
777,"Secretary Rouge",223,"Regular Hit","Sports","4.99","89.82","18","6",5,"5.44","yes"
803,"Slacker Liaisons",223,"Regular Hit","Drama","4.99","84.83","17","6",7,"4.59","no"
827,"Spice Sorority",223,"Regular Hit","Drama","4.99","99.80","20","6",5,"4.05","no"
844,"Steers Armageddon",223,"Regular Hit","Sports","4.99","74.85","15","4",6,"5.13","no"
845,"Stepmom Dream",223,"Regular Hit","Foreign","4.99","99.80","20","7",7,"5.35","no"
854,"Strangers Graffiti",223,"Regular Hit","Horror","4.99","84.83","17","4",4,"5.76","yes"
859,"Sugar Wonka",223,"Regular Hit","Animation","4.99","84.83","17","6",3,"3.76","yes"
908,"Trap Guys",223,"Regular Hit","Foreign","4.99","79.84","16","4",3,"5.69","yes"
944,"Virgin Daisy",223,"Regular Hit","Drama","4.99","84.83","17","5",6,"5.06","no"
946,"Virtual Spoilers",223,"Regular Hit","Family","4.99","69.86","14","4",3,"6.43","yes"
980,"Wizard Coldblooded",223,"Regular Hit","Music","4.99","79.84","16","5",4,"4.00","yes"
24,"Analyze Hoosiers",222,"Regular Hit","Horror","2.99","41.86","14","4",6,"5.71","no"
42,"Artist Coldblooded",222,"Regular Hit","Sports","2.99","47.84","16","4",5,"5.44","yes"
58,"Beach Heartbreakers",222,"Regular Hit","Documentary","2.99","50.83","17","4",6,"5.24","no"
115,"Campus Remember",222,"Regular Hit","Action","2.99","56.81","19","7",5,"6.21","yes"
121,"Carol Texas",222,"Regular Hit","Animation","2.99","53.82","18","6",4,"5.17","yes"
150,"Cider Desire",222,"Regular Hit","Documentary","2.99","56.81","19","6",7,"5.37","no"
152,"Circus Youth",222,"Regular Hit","Children","2.99","44.85","15","4",5,"5.07","yes"
184,"Core Suit",222,"Regular Hit","Classics","2.99","53.82","18","5",3,"5.44","yes"
308,"Ferris Mother",222,"Regular Hit","Comedy","2.99","50.83","17","4",3,"4.18","yes"
333,"Freaky Pocus",222,"Regular Hit","Music","2.99","50.83","17","4",7,"3.88","no"
410,"Heaven Freedom",222,"Regular Hit","Comedy","2.99","53.82","18","5",7,"5.00","no"
414,"Hellfighters Sierra",222,"Regular Hit","Foreign","2.99","59.80","20","6",3,"4.30","yes"
438,"Human Graffiti",222,"Regular Hit","Games","2.99","44.85","15","5",3,"5.13","yes"
463,"Instinct Airport",222,"Regular Hit","Sports","2.99","53.82","18","5",4,"4.11","yes"
474,"Jade Bunch",222,"Regular Hit","Sports","2.99","53.82","18","4",6,"4.39","no"
480,"Jeepers Wedding",222,"Regular Hit","Classics","2.99","47.84","16","4",3,"5.06","yes"
505,"Labyrinth League",222,"Regular Hit","Children","2.99","44.85","15","4",6,"4.20","no"
526,"Lock Rear",222,"Regular Hit","Travel","2.99","47.84","16","4",7,"4.00","no"
540,"Lucky Flying",222,"Regular Hit","Music","2.99","38.87","13","3",7,"5.08","no"
546,"Madre Gables",222,"Regular Hit","Games","2.99","41.86","14","4",7,"6.79","no"
616,"National Story",222,"Regular Hit","Documentary","2.99","56.81","19","6",4,"4.47","yes"
620,"Nemo Campus",222,"Regular Hit","Sci-Fi","2.99","41.86","14","5",5,"4.64","no"
658,"Paris Weekend",222,"Regular Hit","Horror","2.99","41.86","14","4",7,"5.93","no"
664,"Patriot Roman",222,"Regular Hit","Action","2.99","47.84","16","5",6,"5.50","no"
707,"Quest Mussolini",222,"Regular Hit","Action","2.99","59.80","20","6",5,"4.40","no"
716,"Reap Unfaithful",222,"Regular Hit","Horror","2.99","47.84","16","5",6,"5.31","no"
720,"Redemption Comforts",222,"Regular Hit","New","2.99","59.80","20","7",3,"5.20","yes"
724,"Remember Diary",222,"Regular Hit","Family","2.99","53.82","18","6",5,"5.06","yes"
757,"Sagebrush Clueless",222,"Regular Hit","Documentary","2.99","47.84","16","5",4,"6.44","yes"
829,"Spinal Rocky",222,"Regular Hit","Family","2.99","38.87","13","5",7,"5.62","no"
847,"Stock Glass",222,"Regular Hit","New","2.99","41.86","14","4",7,"3.71","no"
900,"Town Ark",222,"Regular Hit","Foreign","2.99","41.86","14","4",6,"4.14","no"
921,"Uncut Suicides",222,"Regular Hit","Music","2.99","41.86","14","4",7,"6.07","no"
967,"Weekend Personal",222,"Regular Hit","Sci-Fi","2.99","53.82","18","5",5,"5.00","yes"
975,"Willow Tracy",222,"Regular Hit","Family","2.99","47.84","16","5",6,"5.38","no"
987,"Words Hunter",222,"Regular Hit","Music","2.99","47.84","16","4",3,"4.75","yes"
988,"Worker Tarzan",222,"Regular Hit","Travel","2.99","44.85","15","5",7,"5.40","no"
991,"Worst Banger",222,"Regular Hit","Action","2.99","47.84","16","5",4,"4.94","yes"
999,"Zoolander Fiction",222,"Regular Hit","Children","2.99","50.83","17","5",5,"5.59","yes"
40,"Army Flintstones",221,"Niche Pop","Documentary","0.99","15.84","16","4",4,"4.88","yes"
111,"Caddyshack Jedi",221,"Niche Pop","Action","0.99","15.84","16","4",3,"4.75","yes"
153,"Citizen Shrek",221,"Niche Pop","Sci-Fi","0.99","12.87","13","4",7,"5.15","no"
269,"Earring Instinct",221,"Niche Pop","Family","0.99","18.81","19","6",3,"4.95","yes"
275,"Egypt Tenenbaums",221,"Niche Pop","Horror","0.99","16.83","17","5",3,"6.12","yes"
282,"Encounters Curtain",221,"Niche Pop","Drama","0.99","18.81","19","6",5,"4.84","no"
287,"Entrapment Satisfaction",221,"Niche Pop","Action","0.99","14.85","15","4",5,"6.33","yes"
311,"Fiction Christmas",221,"Niche Pop","Foreign","0.99","18.81","19","7",4,"5.74","yes"
424,"Holocaust Highball",221,"Niche Pop","Children","0.99","16.83","17","5",6,"4.94","no"
429,"Honey Ties",221,"Niche Pop","Sports","0.99","18.81","19","6",3,"5.42","yes"
430,"Hook Chariots",221,"Niche Pop","Animation","0.99","12.87","13","4",7,"4.85","no"
436,"Hours Rage",221,"Niche Pop","New","0.99","18.81","19","6",4,"4.89","yes"
457,"Independence Hotel",221,"Niche Pop","Documentary","0.99","18.81","19","6",5,"5.05","yes"
524,"Lion Uncut",221,"Niche Pop","Comedy","0.99","17.82","18","6",6,"5.28","no"
534,"Louisiana Harry",221,"Niche Pop","Family","0.99","16.83","17","5",5,"4.29","no"
560,"Mars Roman",221,"Niche Pop","Games","0.99","18.81","19","5",6,"5.42","no"
562,"Masked Bubble",221,"Niche Pop","Music","0.99","19.80","20","6",6,"3.90","no"
589,"Modern Dorado",221,"Niche Pop","Documentary","0.99","14.85","15","4",3,"5.20","yes"
617,"Natural Stock",221,"Niche Pop","Family","0.99","12.87","13","3",4,"4.69","yes"
618,"Necklace Outbreak",221,"Niche Pop","Drama","0.99","14.85","15","4",3,"4.67","yes"
631,"Novocaine Flight",221,"Niche Pop","Sports","0.99","18.81","19","5",4,"5.16","yes"
634,"Odds Boogie",221,"Niche Pop","Family","0.99","14.85","15","4",6,"5.33","no"
688,"Polish Brooklyn",221,"Niche Pop","Children","0.99","17.82","18","4",6,"4.72","no"
717,"Rear Trading",221,"Niche Pop","Action","0.99","16.83","17","4",6,"5.59","no"
732,"Rings Heartbreakers",221,"Niche Pop","Action","0.99","14.85","15","4",5,"5.80","yes"
737,"Rock Instinct",221,"Niche Pop","Horror","0.99","16.83","17","6",4,"5.06","yes"
746,"Rouge Squad",221,"Niche Pop","Games","0.99","17.82","18","5",3,"4.61","yes"
747,"Roxanne Rebel",221,"Niche Pop","Games","0.99","18.81","19","5",5,"4.32","no"
795,"Siege Madre",221,"Niche Pop","Family","0.99","14.85","15","4",7,"5.27","no"
796,"Sierra Divide",221,"Niche Pop","Sports","0.99","14.85","15","5",3,"5.73","yes"
797,"Silence Kane",221,"Niche Pop","Music","0.99","15.84","16","5",7,"5.13","no"
840,"Stampede Disturbing",221,"Niche Pop","Games","0.99","13.86","14","4",5,"5.00","yes"
851,"Straight Hours",221,"Niche Pop","Sports","0.99","19.80","20","6",3,"4.35","yes"
896,"Tootsie Pilot",221,"Niche Pop","Children","0.99","14.85","15","4",3,"4.13","yes"
913,"Troopers Metal",221,"Niche Pop","New","0.99","13.86","14","6",3,"5.07","yes"
948,"Voice Peach",221,"Niche Pop","New","0.99","18.81","19","6",6,"4.79","no"
963,"Watch Tracy",221,"Niche Pop","Animation","0.99","15.84","16","5",5,"4.88","no"
992,"Wrath Mile",221,"Niche Pop","Documentary","0.99","13.86","14","4",5,"4.50","no"
68,"Betrayed Rear",213,"Regular Hit","Children","4.99","74.85","15","4",5,"4.87","no"
84,"Boiled Dares",213,"Regular Hit","Travel","4.99","74.85","15","4",7,"4.73","no"
141,"Chicago North",213,"Regular Hit","Games","4.99","79.84","16","5",6,"5.63","no"
170,"Command Darling",213,"Regular Hit","Foreign","4.99","79.84","16","6",5,"6.19","yes"
173,"Confessions Maguire",213,"Regular Hit","Drama","4.99","69.86","14","5",7,"5.21","no"
226,"Destiny Saturday",213,"Regular Hit","New","4.99","79.84","16","5",4,"4.00","yes"
265,"Dying Maker",213,"Regular Hit","Comedy","4.99","84.83","17","4",5,"3.94","no"
294,"Expecations Natural",213,"Regular Hit","Travel","4.99","89.82","18","5",5,"5.28","yes"
336,"French Holiday",213,"Regular Hit","Documentary","4.99","84.83","17","5",5,"5.18","yes"
381,"Grinch Massage",213,"Regular Hit","Games","4.99","69.86","14","5",7,"5.21","no"
396,"Hanging Deep",213,"Regular Hit","Drama","4.99","94.81","19","4",5,"4.68","no"
398,"Hanover Galaxy",213,"Regular Hit","Music","4.99","84.83","17","4",5,"4.53","no"
426,"Home Pity",213,"Regular Hit","Music","4.99","69.86","14","3",7,"6.21","no"
446,"Hysterical Grail",213,"Regular Hit","Sports","4.99","74.85","15","4",5,"4.40","no"
455,"Impossible Prejudice",213,"Regular Hit","Foreign","4.99","69.86","14","4",7,"4.86","no"
465,"Interview Liaisons",213,"Regular Hit","New","4.99","99.80","20","5",4,"4.55","yes"
512,"League Hellfighters",213,"Regular Hit","Classics","4.99","84.83","17","6",5,"5.18","yes"
570,"Mermaid Insects",213,"Regular Hit","Sports","4.99","79.84","16","5",5,"4.94","no"
579,"Minds Truman",213,"Regular Hit","Action","4.99","99.80","20","7",3,"5.00","yes"
583,"Mission Zoolander",213,"Regular Hit","Animation","4.99","89.82","18","5",3,"4.67","yes"
588,"Model Fish",213,"Regular Hit","Children","4.99","74.85","15","4",4,"4.13","yes"
611,"Musketeers Wait",213,"Regular Hit","Classics","4.99","84.83","17","6",7,"4.65","no"
654,"Panky Submarine",213,"Regular Hit","Games","4.99","74.85","15","4",4,"6.40","yes"
686,"Pluto Oleander",213,"Regular Hit","New","4.99","79.84","16","4",5,"4.19","no"
749,"Rules Human",213,"Regular Hit","Horror","4.99","79.84","16","4",6,"6.69","yes"
818,"Something Duck",213,"Regular Hit","Drama","4.99","94.81","19","5",4,"5.16","yes"
858,"Submarine Bed",213,"Regular Hit","Comedy","4.99","74.85","15","4",5,"4.27","no"
878,"Teen Apollo",213,"Regular Hit","Travel","4.99","84.83","17","4",3,"5.06","yes"
887,"Thief Pelican",213,"Regular Hit","Animation","4.99","94.81","19","6",5,"5.26","yes"
964,"Waterfront Deliverance",213,"Regular Hit","Action","4.99","84.83","17","5",4,"5.71","yes"
969,"West Lion",213,"Regular Hit","Drama","4.99","79.84","16","4",4,"4.94","yes"
16,"Alley Evolution",212,"Regular Hit","Foreign","2.99","41.86","14","4",6,"5.57","no"
158,"Clones Pinocchio",212,"Regular Hit","Music","2.99","56.81","19","5",6,"4.84","no"
169,"Comforts Rush",212,"Regular Hit","Travel","2.99","50.83","17","4",3,"4.53","yes"
175,"Confused Candles",212,"Regular Hit","Family","2.99","50.83","17","5",3,"5.88","yes"
232,"Dirty Ace",212,"Regular Hit","Games","2.99","44.85","15","5",7,"5.27","no"
298,"Eyes Driving",212,"Regular Hit","Sci-Fi","2.99","56.81","19","5",4,"4.84","yes"
373,"Graduate Lord",212,"Regular Hit","Children","2.99","47.84","16","5",7,"5.25","no"
380,"Greek Everyone",212,"Regular Hit","Foreign","2.99","50.83","17","5",7,"4.88","no"
394,"Hamlet Wisdom",212,"Regular Hit","Sci-Fi","2.99","41.86","14","4",7,"6.36","no"
432,"Hope Tootsie",212,"Regular Hit","Classics","2.99","53.82","18","5",4,"4.33","yes"
448,"Idaho Love",212,"Regular Hit","New","2.99","50.83","17","5",3,"3.94","yes"
473,"Jacket Frisco",212,"Regular Hit","Drama","2.99","53.82","18","5",5,"5.00","yes"
478,"Jaws Harry",212,"Regular Hit","Comedy","2.99","41.86","14","5",4,"4.93","yes"
529,"Lonely Elephant",212,"Regular Hit","Comedy","2.99","44.85","15","4",3,"4.80","yes"
544,"Madison Trap",212,"Regular Hit","Documentary","2.99","44.85","15","4",4,"6.00","yes"
561,"Mask Peach",212,"Regular Hit","New","2.99","50.83","17","4",6,"5.24","no"
615,"Nash Chocolat",212,"Regular Hit","Animation","2.99","44.85","15","4",6,"6.33","yes"
626,"Noon Papi",212,"Regular Hit","Children","2.99","50.83","17","4",5,"5.18","yes"
657,"Paradise Sabrina",212,"Regular Hit","Comedy","2.99","53.82","18","6",5,"5.33","yes"
678,"Pickup Driving",212,"Regular Hit","Sports","2.99","47.84","16","4",3,"6.00","yes"
679,"Pilot Hoosiers",212,"Regular Hit","Family","2.99","47.84","16","4",6,"5.19","no"
690,"Pond Seattle",212,"Regular Hit","Animation","2.99","56.81","19","6",7,"5.58","no"
693,"Potter Connecticut",212,"Regular Hit","Animation","2.99","50.83","17","5",5,"5.12","yes"
770,"Scissorhands Slums",212,"Regular Hit","Foreign","2.99","44.85","15","3",5,"3.47","no"
774,"Searchers Wait",212,"Regular Hit","Comedy","2.99","41.86","14","4",3,"5.14","yes"
783,"Shane Darkness",212,"Regular Hit","Travel","2.99","41.86","14","4",5,"5.36","yes"
784,"Shanghai Tycoon",212,"Regular Hit","Travel","2.99","41.86","14","6",7,"4.00","no"
788,"Ship Wonderland",212,"Regular Hit","Documentary","2.99","44.85","15","4",5,"3.07","no"
828,"Spiking Element",212,"Regular Hit","Classics","2.99","38.87","13","4",7,"4.54","no"
916,"Turn Star",212,"Regular Hit","Animation","2.99","41.86","14","4",3,"4.43","yes"
962,"Wasteland Divine",212,"Regular Hit","Classics","2.99","44.85","15","4",7,"4.93","no"
85,"Bonnie Holocaust",211,"Promo Focus","Documentary","0.99","15.84","16","4",4,"4.19","yes"
110,"Cabin Flash",211,"Promo Focus","Children","0.99","14.85","15","4",4,"5.40","yes"
186,"Craft Outfield",211,"Promo Focus","Drama","0.99","15.84","16","4",6,"4.19","no"
204,"Dalmations Sweden",211,"Promo Focus","Drama","0.99","19.80","20","6",4,"5.40","yes"
241,"Donnie Alley",211,"Promo Focus","Animation","0.99","13.86","14","4",4,"4.86","yes"
299,"Factory Dragon",211,"Promo Focus","Travel","0.99","16.83","17","4",4,"3.59","no"
344,"Fury Murder",211,"Promo Focus","Children","0.99","18.81","19","5",3,"5.11","yes"
348,"Gandhi Kwai",211,"Promo Focus","Family","0.99","16.83","17","4",7,"5.29","no"
383,"Groove Fiction",211,"Promo Focus","Sports","0.99","17.82","18","5",6,"6.44","yes"
427,"Homeward Cider",211,"Promo Focus","Documentary","0.99","15.84","16","4",5,"3.56","no"
479,"Jedi Beneath",211,"Promo Focus","Family","0.99","18.81","19","5",7,"4.68","no"
493,"Kane Exorcist",211,"Promo Focus","Foreign","0.99","13.86","14","3",5,"3.93","no"
552,"Majestic Floats",211,"Promo Focus","Documentary","0.99","16.83","17","4",5,"6.18","yes"
601,"Moulin Wake",211,"Promo Focus","Travel","0.99","15.84","16","5",4,"5.75","yes"
619,"Neighbors Charade",211,"Promo Focus","Sports","0.99","18.81","19","6",3,"5.53","yes"
623,"Newton Labyrinth",211,"Promo Focus","Foreign","0.99","16.83","17","5",4,"5.47","yes"
629,"Notorious Reunion",211,"Promo Focus","Documentary","0.99","13.86","14","4",7,"6.71","no"
652,"Pajama Jawbreaker",211,"Promo Focus","Classics","0.99","13.86","14","4",3,"4.71","yes"
673,"Personal Ladybugs",211,"Promo Focus","Music","0.99","13.86","14","4",3,"5.43","yes"
809,"Slipper Fidelity",211,"Promo Focus","Sports","0.99","15.84","16","4",5,"4.94","no"
830,"Spirit Flintstones",211,"Promo Focus","Horror","0.99","14.85","15","4",7,"4.20","no"
832,"Splash Gump",211,"Promo Focus","Family","0.99","13.86","14","4",5,"5.71","yes"
877,"Taxi Kick",211,"Promo Focus","Music","0.99","16.83","17","5",4,"4.47","yes"
894,"Tomatoes Hellfighters",211,"Promo Focus","Travel","0.99","13.86","14","5",6,"4.29","no"
907,"Translation Summer",211,"Promo Focus","Drama","0.99","14.85","15","4",4,"4.60","yes"
924,"Unforgiven Zoolander",211,"Promo Focus","Sci-Fi","0.99","17.82","18","5",7,"5.44","no"
925,"United Pilot",211,"Promo Focus","Documentary","0.99","16.83","17","5",3,"5.06","yes"
932,"Valley Packer",211,"Promo Focus","Comedy","0.99","14.85","15","4",3,"5.47","yes"
942,"Vietnam Smoochy",211,"Promo Focus","Drama","0.99","14.85","15","4",7,"4.87","no"
93,"Brannigan Sunrise",133,"Emerging Trend","New","4.99","59.88","12","3",4,"4.50","yes"
133,"Chamber Italian",133,"Emerging Trend","Music","4.99","64.87","13","4",7,"6.58","no"
134,"Champion Flatliners",133,"Emerging Trend","Animation","4.99","64.87","13","3",4,"4.85","yes"
151,"Cincinatti Whisperer",133,"Emerging Trend","Sci-Fi","4.99","64.87","13","4",5,"6.58","yes"
597,"Moonwalker Fool",133,"Emerging Trend","Games","4.99","64.87","13","4",5,"6.17","yes"
639,"Opposite Necklace",133,"Emerging Trend","Family","4.99","64.87","13","3",7,"4.67","no"
765,"Saturn Name",133,"Emerging Trend","Comedy","4.99","64.87","13","4",7,"5.38","no"
798,"Silverado Goldfinger",133,"Emerging Trend","Sci-Fi","4.99","59.88","12","4",4,"6.73","yes"
994,"Wyoming Storm",133,"Emerging Trend","New","4.99","64.87","13","3",6,"4.62","no"
2,"Ace Goldfinger",132,"Emerging Trend","Horror","4.99","34.93","7","3",3,"5.67","yes"
5,"African Egg",132,"Emerging Trend","Family","2.99","35.88","12","3",6,"7.09","yes"
13,"Ali Forever",132,"Emerging Trend","Horror","4.99","44.91","9","4",4,"4.63","yes"
75,"Bird Independence",132,"Emerging Trend","Travel","4.99","54.89","11","3",6,"5.55","no"
80,"Blanket Beverly",132,"Emerging Trend","Family","2.99","35.88","12","4",7,"6.09","no"
102,"Bubble Grosse",132,"Emerging Trend","Sports","4.99","29.94","6","2",4,"4.40","yes"
264,"Dwarfs Alter",132,"Emerging Trend","Games","2.99","26.91","9","2",6,"5.25","no"
328,"Forever Candidate",132,"Emerging Trend","Children","2.99","38.87","13","4",7,"4.69","no"
337,"Frida Slipper",132,"Emerging Trend","Foreign","2.99","32.89","11","4",6,"5.50","no"
338,"Frisco Forrest",132,"Emerging Trend","Sci-Fi","4.99","44.91","9","3",6,"6.25","yes"
375,"Grail Frankenstein",132,"Emerging Trend","Action","2.99","29.90","10","2",4,"5.89","yes"
405,"Haunted Antitrust",132,"Emerging Trend","Travel","4.99","29.94","6","2",6,"4.40","no"
472,"Italian African",132,"Emerging Trend","Travel","4.99","29.94","6","2",3,"4.33","yes"
528,"Lolita World",132,"Emerging Trend","Family","2.99","29.90","10","3",4,"5.30","yes"
530,"Lord Arizona",132,"Emerging Trend","Action","2.99","32.89","11","3",5,"5.00","yes"
567,"Meet Chocolate",132,"Emerging Trend","Foreign","2.99","35.88","12","4",3,"5.25","yes"
573,"Microcosmos Paradise",132,"Emerging Trend","Children","2.99","38.87","13","4",6,"5.54","no"
632,"Nuts Ties",132,"Emerging Trend","New","4.99","44.91","9","3",5,"5.00","yes"
633,"October Submarine",132,"Emerging Trend","Classics","4.99","54.89","11","3",6,"5.55","no"
660,"Party Knock",132,"Emerging Trend","Comedy","2.99","38.87","13","4",7,"5.23","no"
662,"Paths Control",132,"Emerging Trend","Drama","4.99","49.90","10","4",3,"5.90","yes"
705,"Purple Movie",132,"Emerging Trend","Foreign","2.99","38.87","13","4",4,"4.00","yes"
719,"Records Zorro",132,"Emerging Trend","Sports","4.99","39.92","8","2",7,"5.13","no"
721,"Reds Pocus",132,"Emerging Trend","Music","4.99","44.91","9","2",7,"6.78","no"
740,"Rollercoaster Bringing",132,"Emerging Trend","Horror","2.99","29.90","10","3",5,"5.90","yes"
761,"Santa Paris",132,"Emerging Trend","Children","2.99","32.89","11","3",7,"5.09","no"
779,"Sense Greek",132,"Emerging Trend","Sports","4.99","34.93","7","2",4,"4.57","yes"
815,"Snatchers Montezuma",132,"Emerging Trend","Classics","2.99","26.91","9","3",4,"3.67","no"
842,"State Wasteland",132,"Emerging Trend","Games","2.99","38.87","13","4",4,"5.50","yes"
889,"Ties Hunger",132,"Emerging Trend","Children","4.99","54.89","11","3",3,"5.09","yes"
905,"Trainspotting Strangers",132,"Emerging Trend","Comedy","4.99","54.89","11","3",7,"5.27","no"
917,"Tuxedo Mile",132,"Emerging Trend","Sports","2.99","38.87","13","5",3,"5.92","yes"
977,"Window Side",132,"Emerging Trend","Travel","2.99","35.88","12","3",3,"4.64","yes"
53,"Bang Kwai",131,"Emerging Trend","Family","2.99","20.93","7","2",5,"4.50","no"
63,"Bedazzled Married",131,"Emerging Trend","Family","0.99","12.87","13","4",6,"4.15","no"
125,"Cassidy Wyoming",131,"Emerging Trend","Travel","2.99","17.94","6","2",5,"5.33","yes"
146,"Chitty Lock",131,"Emerging Trend","Drama","2.99","23.92","8","3",6,"5.14","no"
163,"Clyde Theory",131,"Emerging Trend","New","0.99","7.92","8","3",4,"5.50","yes"
168,"Comancheros Enemy",131,"Emerging Trend","Children","0.99","5.94","6","2",5,"3.00","no"
178,"Connection Microcosmos",131,"Emerging Trend","Comedy","0.99","6.93","7","2",6,"5.00","no"
250,"Dragon Squad",131,"Emerging Trend","Action","0.99","10.89","11","4",4,"4.82","yes"
290,"Everyone Craft",131,"Emerging Trend","Foreign","0.99","12.87","13","3",4,"3.69","no"
357,"Gilbert Pelican",131,"Emerging Trend","Classics","0.99","8.91","9","4",7,"6.67","no"
399,"Happiness United",131,"Emerging Trend","Foreign","2.99","17.94","6","2",6,"5.00","no"
440,"Hunger Roof",131,"Emerging Trend","Foreign","0.99","12.87","13","4",6,"6.33","yes"
441,"Hunter Alter",131,"Emerging Trend","Documentary","2.99","14.95","5","2",5,"6.60","yes"
511,"Lawrence Love",131,"Emerging Trend","Action","0.99","12.87","13","5",7,"4.54","no"
553,"Maker Gables",131,"Emerging Trend","Children","0.99","9.90","10","3",4,"5.30","yes"
581,"Minority Kiss",131,"Emerging Trend","Music","0.99","11.88","12","3",4,"4.91","yes"
585,"Mob Duffel",131,"Emerging Trend","Drama","0.99","11.88","12","4",4,"5.50","yes"
604,"Mulan Moon",131,"Emerging Trend","Comedy","0.99","12.87","13","3",4,"5.33","yes"
605,"Mulholland Beast",131,"Emerging Trend","Foreign","2.99","20.93","7","2",7,"5.00","no"
613,"Mystic Truman",131,"Emerging Trend","Comedy","0.99","9.90","10","2",5,"5.00","yes"
758,"Saints Bride",131,"Emerging Trend","Drama","2.99","23.92","8","3",5,"4.63","no"
813,"Smoochy Control",131,"Emerging Trend","Sports","0.99","11.88","12","4",7,"5.00","no"
819,"Song Hedwig",131,"Emerging Trend","Music","0.99","10.89","11","3",3,"5.00","yes"
836,"Squad Fish",131,"Emerging Trend","Sports","2.99","20.93","7","3",3,"3.43","yes"
886,"Theory Mermaid",131,"Emerging Trend","Animation","0.99","10.89","11","4",5,"5.70","yes"
904,"Train Bunch",131,"Emerging Trend","Horror","4.99","19.96","4","2",3,"3.50","yes"
935,"Vanished Garden",131,"Emerging Trend","New","0.99","6.93","7","2",5,"6.17","yes"
974,"Wild Apollo",131,"Emerging Trend","New","0.99","5.94","6","2",4,"5.00","yes"
990,"World Leathernecks",131,"Emerging Trend","Horror","0.99","7.92","8","2",3,"5.00","yes"
998,"Zhivago Core",131,"Emerging Trend","Horror","0.99","8.91","9","2",6,"5.88","no"
487,"Jingle Sagebrush",123,"Emerging Trend","Classics","4.99","64.87","13","3",6,"4.15","no"
568,"Memento Zoolander",123,"Emerging Trend","Comedy","4.99","64.87","13","4",4,"5.23","yes"
881,"Temple Attraction",123,"Emerging Trend","Horror","4.99","59.88","12","4",5,"4.50","no"
919,"Tycoon Gathering",123,"Emerging Trend","Games","4.99","59.88","12","4",3,"6.50","yes"
957,"War Notting",123,"Emerging Trend","Foreign","4.99","59.88","12","5",7,"5.42","no"
3,"Adaptation Holes",122,"Promo Focus","Documentary","2.99","35.88","12","4",7,"3.42","no"
9,"Alabama Devil",122,"Promo Focus","Horror","2.99","35.88","12","5",3,"5.67","yes"
20,"Amelie Hellfighters",122,"Promo Focus","Music","4.99","49.90","10","3",4,"4.80","yes"
32,"Apocalypse Flamingos",122,"Promo Focus","New","4.99","29.94","6","2",6,"4.00","no"
60,"Beast Hunchback",122,"Promo Focus","Classics","4.99","54.89","11","3",3,"4.45","yes"
74,"Birch Antitrust",122,"Promo Focus","Music","4.99","54.89","11","5",4,"5.55","yes"
88,"Born Spinal",122,"Promo Focus","Travel","4.99","59.88","12","4",7,"4.00","no"
113,"California Birds",122,"Promo Focus","Sports","4.99","59.88","12","4",4,"5.25","yes"
120,"Caribbean Liberty",122,"Promo Focus","Sports","4.99","44.91","9","3",3,"5.78","yes"
182,"Control Anthem",122,"Promo Focus","Comedy","4.99","34.93","7","2",7,"5.29","no"
207,"Dangerous Uptown",122,"Promo Focus","Foreign","4.99","59.88","12","4",7,"6.17","no"
210,"Darko Dorado",122,"Promo Focus","Action","4.99","54.89","11","3",3,"5.36","yes"
214,"Daughter Madigan",122,"Promo Focus","Children","4.99","44.91","9","4",3,"5.56","yes"
248,"Dozen Lion",122,"Promo Focus","Documentary","4.99","34.93","7","2",6,"3.86","no"
276,"Element Freddy",122,"Promo Focus","Comedy","4.99","49.90","10","4",6,"5.40","no"
312,"Fiddler Lost",122,"Promo Focus","Sci-Fi","4.99","49.90","10","3",4,"4.70","yes"
342,"Fugitive Maguire",122,"Promo Focus","Travel","4.99","54.89","11","4",7,"4.00","no"
368,"Gone Trouble",122,"Promo Focus","Drama","2.99","29.90","10","2",7,"6.10","no"
389,"Gunfighter Mussolini",122,"Promo Focus","Sports","2.99","35.88","12","4",3,"5.58","yes"
393,"Halloween Nuts",122,"Promo Focus","Documentary","2.99","29.90","10","2",6,"4.80","no"
413,"Hedwig Alter",122,"Promo Focus","Comedy","2.99","35.88","12","3",7,"4.08","no"
435,"Hotel Happiness",122,"Promo Focus","Foreign","4.99","44.91","9","2",6,"4.00","no"
459,"Informer Double",122,"Promo Focus","Foreign","4.99","24.95","5","2",4,"3.40","no"
469,"Iron Moon",122,"Promo Focus","Classics","4.99","54.89","11","3",7,"4.09","no"
470,"Ishtar Rocketeer",122,"Promo Focus","Animation","4.99","34.93","7","2",4,"6.14","yes"
519,"Liberty Magnificent",122,"Promo Focus","Sports","2.99","35.88","12","4",3,"6.08","yes"
522,"Life Twisted",122,"Promo Focus","Comedy","2.99","29.90","10","2",4,"5.10","yes"
543,"Madigan Dorado",122,"Promo Focus","Travel","4.99","49.90","10","2",5,"5.00","yes"
576,"Mighty Luck",122,"Promo Focus","Documentary","2.99","35.88","12","3",7,"5.58","no"
627,"North Tequila",122,"Promo Focus","Documentary","4.99","54.89","11","3",4,"4.09","yes"
653,"Panic Club",122,"Promo Focus","Horror","4.99","34.93","7","2",3,"5.43","yes"
692,"Potluck Mixed",122,"Promo Focus","Animation","2.99","32.89","11","3",3,"4.27","yes"
726,"Reservoir Adaptation",122,"Promo Focus","Foreign","2.99","29.90","10","3",7,"5.90","no"
729,"Rider Caddyshack",122,"Promo Focus","Sports","2.99","32.89","11","4",5,"5.55","yes"
781,"Seven Swarm",122,"Promo Focus","Games","4.99","24.95","5","2",4,"4.40","yes"
918,"Twisted Pirates",122,"Promo Focus","Children","4.99","54.89","11","4",4,"3.91","no"
983,"Won Dares",122,"Promo Focus","Music","2.99","26.91","9","3",7,"5.00","no"
984,"Wonderful Drop",122,"Promo Focus","Foreign","2.99","26.91","9","2",3,"6.00","yes"
106,"Bulworth Commandments",121,"Promo Focus","Games","2.99","20.93","7","2",4,"5.29","yes"
157,"Clockwork Paradise",121,"Promo Focus","Children","0.99","9.90","10","3",7,"5.00","no"
185,"Cowboy Doom",121,"Promo Focus","Foreign","2.99","20.93","7","2",3,"3.43","yes"
194,"Crow Grease",121,"Promo Focus","Action","0.99","11.88","12","4",6,"4.75","no"
196,"Cruelty Unforgiven",121,"Promo Focus","Classics","0.99","6.93","7","2",7,"3.71","no"
197,"Crusade Honey",121,"Promo Focus","Sports","2.99","23.92","8","2",4,"6.38","yes"
223,"Desire Alien",121,"Promo Focus","Animation","2.99","23.92","8","2",7,"4.50","no"
258,"Drums Dynamite",121,"Promo Focus","Horror","0.99","12.87","13","4",6,"6.00","yes"
259,"Duck Racer",121,"Promo Focus","Animation","2.99","17.94","6","2",4,"4.33","yes"
262,"Dumbo Lust",121,"Promo Focus","Family","0.99","5.94","6","2",5,"5.00","yes"
297,"Extraordinary Conquerer",121,"Promo Focus","Classics","2.99","17.94","6","2",6,"5.17","no"
355,"Ghostbusters Elf",121,"Promo Focus","Animation","0.99","8.91","9","2",7,"5.00","no"
362,"Glory Tracy",121,"Promo Focus","Games","2.99","14.95","5","2",7,"3.80","no"
400,"Hardly Robbers",121,"Promo Focus","Documentary","2.99","11.96","4","2",7,"7.00","yes"
475,"Japanese Run",121,"Promo Focus","Horror","0.99","5.94","6","2",6,"4.33","no"
517,"Lesson Cleopatra",121,"Promo Focus","Sports","0.99","6.93","7","2",3,"5.14","yes"
547,"Magic Mallrats",121,"Promo Focus","Children","0.99","6.93","7","2",3,"4.14","yes"
558,"Mannequin Worst",121,"Promo Focus","New","2.99","14.95","5","2",3,"4.40","yes"
569,"Menagerie Rushmore",121,"Promo Focus","Animation","2.99","20.93","7","2",7,"5.43","no"
594,"Montezuma Command",121,"Promo Focus","Action","0.99","8.91","9","3",6,"4.00","no"
622,"Newsies Story",121,"Promo Focus","Documentary","0.99","6.93","7","2",4,"5.43","yes"
635,"Oklahoma Jumanji",121,"Promo Focus","New","0.99","5.94","6","2",7,"5.17","no"
718,"Rebel Airport",121,"Promo Focus","Music","0.99","7.92","8","2",7,"4.88","no"
722,"Reef Salute",121,"Promo Focus","Horror","0.99","10.89","11","4",5,"5.55","yes"
762,"Sassy Packer",121,"Promo Focus","Games","0.99","12.87","13","4",6,"4.77","no"
787,"Shining Roses",121,"Promo Focus","Travel","0.99","7.92","8","3",4,"5.25","yes"
794,"Side Ark",121,"Promo Focus","Action","0.99","11.88","12","4",5,"6.00","yes"
799,"Simon North",121,"Promo Focus","Horror","0.99","5.94","6","2",3,"4.83","yes"
831,"Spirited Casualties",121,"Promo Focus","Sci-Fi","0.99","10.89","11","3",5,"5.09","yes"
834,"Spoilers Hellfighters",121,"Promo Focus","Documentary","0.99","9.90","10","3",4,"4.40","yes"
839,"Stallion Sundance",121,"Promo Focus","Sci-Fi","0.99","6.93","7","2",5,"2.71","no"
848,"Stone Fire",121,"Promo Focus","Travel","0.99","10.89","11","3",3,"5.64","yes"
866,"Sunset Racer",121,"Promo Focus","Family","0.99","7.92","8","2",6,"5.38","no"
882,"Tenenbaums Command",121,"Promo Focus","Drama","0.99","12.87","13","4",4,"3.15","no"
939,"Vertigo Northwest",121,"Promo Focus","Comedy","2.99","23.92","8","4",4,"5.00","yes"
940,"Victory Academy",121,"Promo Focus","Sports","0.99","8.91","9","3",6,"3.89","no"
947,"Vision Torque",121,"Promo Focus","Foreign","0.99","6.93","7","2",5,"5.14","yes"
996,"Young Language",121,"Promo Focus","Documentary","0.99","6.93","7","2",6,"4.57","no"
65,"Behavior Runaway",113,"Promo Focus","Horror","4.99","64.87","13","4",3,"5.31","yes"
98,"Bright Encounters",113,"Promo Focus","Drama","4.99","64.87","13","3",4,"5.31","yes"
145,"Chisum Behavior",113,"Promo Focus","Family","4.99","64.87","13","3",5,"4.54","no"
177,"Connecticut Tramp",113,"Promo Focus","Sci-Fi","4.99","64.87","13","3",4,"5.54","yes"
202,"Daddy Pittsburgh",113,"Promo Focus","Comedy","4.99","64.87","13","3",5,"5.00","yes"
661,"Past Suicides",113,"Promo Focus","Foreign","4.99","64.87","13","4",5,"4.54","no"
867,"Super Wyoming",113,"Promo Focus","Family","4.99","64.87","13","4",5,"6.00","yes"
933,"Vampire Whale",113,"Promo Focus","New","4.99","59.88","12","3",4,"4.83","yes"
29,"Antitrust Tomatoes",112,"Promo Focus","Action","2.99","29.90","10","2",5,"4.70","no"
30,"Anything Savannah",112,"Promo Focus","Horror","2.99","26.91","9","2",4,"5.56","yes"
46,"Autumn Crow",112,"Promo Focus","Games","4.99","54.89","11","3",3,"5.27","yes"
47,"Baby Hall",112,"Promo Focus","Foreign","4.99","39.92","8","2",5,"4.75","no"
92,"Bowfinger Gables",112,"Promo Focus","Horror","4.99","54.89","11","4",7,"3.09","no"
96,"Breaking Home",112,"Promo Focus","New","2.99","38.87","13","3",4,"4.23","yes"
104,"Bugsy Song",112,"Promo Focus","Foreign","2.99","32.89","11","3",4,"5.64","yes"
124,"Casper Dragonfly",112,"Promo Focus","Children","4.99","39.92","8","3",3,"4.25","yes"
126,"Casualties Encino",112,"Promo Focus","Action","4.99","44.91","9","3",3,"6.11","yes"
156,"Clerks Angels",112,"Promo Focus","Documentary","4.99","34.93","7","2",3,"5.14","yes"
161,"Clue Grail",112,"Promo Focus","Music","4.99","34.93","7","2",6,"5.57","no"
187,"Cranes Reservoir",112,"Promo Focus","Sports","2.99","32.89","11","3",5,"5.00","yes"
188,"Crazy Home",112,"Promo Focus","Comedy","2.99","26.91","9","3",7,"4.33","no"
208,"Dares Pluto",112,"Promo Focus","Animation","2.99","26.91","9","3",7,"5.44","no"
209,"Darkness War",112,"Promo Focus","Drama","2.99","38.87","13","4",6,"5.69","no"
211,"Darling Breaking",112,"Promo Focus","Games","4.99","44.91","9","2",7,"5.44","no"
224,"Desperate Trainspotting",112,"Promo Focus","Travel","4.99","29.94","6","2",7,"4.17","no"
230,"Diary Panic",112,"Promo Focus","Drama","2.99","26.91","9","2",7,"5.00","no"
240,"Dolls Rage",112,"Promo Focus","Sci-Fi","2.99","26.91","9","3",7,"6.11","no"
246,"Doubtfire Labyrinth",112,"Promo Focus","Foreign","4.99","49.90","10","3",5,"4.20","no"
256,"Drop Waterfront",112,"Promo Focus","Sports","4.99","44.91","9","3",6,"5.00","no"
268,"Early Home",112,"Promo Focus","Animation","4.99","34.93","7","2",6,"6.00","yes"
278,"Elf Murder",112,"Promo Focus","Music","4.99","34.93","7","2",4,"3.43","no"
279,"Elizabeth Shane",112,"Promo Focus","Sports","4.99","49.90","10","2",7,"4.80","no"
289,"Eve Resurrection",112,"Promo Focus","New","4.99","34.93","7","2",5,"5.14","yes"
293,"Exorcist Sting",112,"Promo Focus","Sports","2.99","38.87","13","5",6,"5.23","no"
310,"Fever Empire",112,"Promo Focus","Games","4.99","24.95","5","2",5,"5.80","yes"
316,"Fire Wolves",112,"Promo Focus","Games","4.99","34.93","7","2",5,"5.14","yes"
323,"Flight Lies",112,"Promo Focus","Sports","4.99","59.88","12","4",7,"7.08","yes"
340,"Frontier Cabin",112,"Promo Focus","New","4.99","29.94","6","2",6,"6.33","yes"
371,"Gosford Donnie",112,"Promo Focus","Action","4.99","39.92","8","3",5,"4.50","no"
372,"Graceland Dynamite",112,"Promo Focus","Sports","4.99","29.94","6","2",5,"5.33","yes"
384,"Grosse Wonderful",112,"Promo Focus","Music","4.99","39.92","8","3",5,"4.88","no"
390,"Guys Falcon",112,"Promo Focus","Sci-Fi","4.99","44.91","9","3",4,"4.56","yes"
411,"Heavenly Gun",112,"Promo Focus","Music","4.99","34.93","7","2",5,"5.14","yes"
422,"Hollow Jeopardy",112,"Promo Focus","Sci-Fi","4.99","49.90","10","2",7,"4.30","no"
449,"Identity Lover",112,"Promo Focus","Sci-Fi","2.99","38.87","13","4",4,"4.85","yes"
466,"Intolerable Intentions",112,"Promo Focus","Documentary","4.99","44.91","9","2",6,"4.67","no"
485,"Jersey Sassy",112,"Promo Focus","Children","4.99","29.94","6","3",6,"6.00","yes"
499,"King Evolution",112,"Promo Focus","Family","4.99","44.91","9","2",3,"5.11","yes"
503,"Kramer Chocolate",112,"Promo Focus","Sports","2.99","26.91","9","3",3,"4.78","yes"
508,"Lambs Cincinatti",112,"Promo Focus","Games","4.99","49.90","10","3",6,"5.00","no"
515,"Legally Secretary",112,"Promo Focus","Children","4.99","44.91","9","2",7,"4.22","no"
533,"Lost Bird",112,"Promo Focus","Foreign","2.99","35.88","12","3",4,"6.17","yes"
537,"Lover Truman",112,"Promo Focus","Classics","2.99","29.90","10","3",3,"6.10","yes"
539,"Luck Opus",112,"Promo Focus","Drama","2.99","29.90","10","2",7,"4.90","no"
550,"Maguire Apache",112,"Promo Focus","Family","2.99","26.91","9","3",6,"5.44","no"
564,"Massage Image",112,"Promo Focus","Animation","2.99","35.88","12","3",4,"5.25","yes"
565,"Matrix Snowman",112,"Promo Focus","Foreign","4.99","44.91","9","2",6,"3.78","no"
582,"Miracle Virtual",112,"Promo Focus","Animation","2.99","26.91","9","2",3,"4.67","yes"
587,"Mod Secretary",112,"Promo Focus","Documentary","4.99","54.89","11","3",6,"4.91","no"
591,"Monsoon Cause",112,"Promo Focus","Games","4.99","44.91","9","3",6,"5.78","no"
640,"Opus Ice",112,"Promo Focus","Foreign","4.99","54.89","11","3",5,"5.09","yes"
659,"Park Citizen",112,"Promo Focus","Action","4.99","39.92","8","2",3,"5.00","yes"
682,"Pittsburgh Hunchback",112,"Promo Focus","Family","4.99","59.88","12","3",4,"6.33","yes"
685,"Platoon Instinct",112,"Promo Focus","New","4.99","44.91","9","2",6,"3.44","no"
695,"President Bang",112,"Promo Focus","Family","4.99","34.93","7","2",6,"4.43","no"
699,"Private Drop",112,"Promo Focus","Games","4.99","24.95","5","2",7,"5.00","no"
700,"Prix Undefeated",112,"Promo Focus","Family","2.99","32.89","11","3",4,"3.64","no"
703,"Punk Divorce",112,"Promo Focus","Animation","4.99","39.92","8","2",6,"4.38","no"
714,"Random Go",112,"Promo Focus","Sci-Fi","2.99","26.91","9","3",6,"5.33","no"
731,"Right Cranes",112,"Promo Focus","Classics","4.99","49.90","10","3",7,"4.90","no"
769,"School Jacket",112,"Promo Focus","Foreign","4.99","29.94","6","2",5,"5.00","yes"
780,"Sensibility Rear",112,"Promo Focus","Family","4.99","49.90","10","3",7,"4.40","no"
811,"Smile Earring",112,"Promo Focus","Travel","2.99","29.90","10","3",4,"6.70","yes"
817,"Soldiers Evolution",112,"Promo Focus","Sci-Fi","4.99","39.92","8","2",7,"4.25","no"
824,"Spartacus Cheaper",112,"Promo Focus","Family","4.99","44.91","9","4",4,"5.56","yes"
825,"Speakeasy Date",112,"Promo Focus","Action","2.99","35.88","12","3",6,"5.25","no"
826,"Speed Suit",112,"Promo Focus","Travel","4.99","44.91","9","2",7,"5.33","no"
837,"Stage World",112,"Promo Focus","Comedy","2.99","29.90","10","3",4,"5.30","yes"
853,"Stranger Strangers",112,"Promo Focus","Children","4.99","54.89","11","3",3,"4.27","yes"
883,"Tequila Past",112,"Promo Focus","Children","4.99","29.94","6","2",6,"3.33","no"
884,"Terminator Club",112,"Promo Focus","Music","4.99","29.94","6","3",5,"6.17","yes"
888,"Thin Sagebrush",112,"Promo Focus","Documentary","4.99","54.89","11","4",5,"5.55","yes"
903,"Traffic Hobbit",112,"Promo Focus","Travel","4.99","24.95","5","2",5,"3.40","no"
928,"Uptown Young",112,"Promo Focus","Children","2.99","35.88","12","3",5,"3.58","no"
934,"Vanilla Day",112,"Promo Focus","Games","4.99","44.91","9","3",7,"5.78","no"
952,"Wagon Jaws",112,"Promo Focus","Documentary","2.99","29.90","10","3",7,"6.90","no"
960,"Wars Pluto",112,"Promo Focus","Documentary","2.99","29.90","10","3",5,"5.40","yes"
27,"Anonymous Human",111,"Promo Focus","Sports","0.99","12.87","13","4",7,"4.85","no"
34,"Arabia Dogma",111,"Promo Focus","Horror","0.99","12.87","13","4",6,"4.69","no"
52,"Ballroom Mockingbird",111,"Promo Focus","Foreign","0.99","7.92","8","2",6,"4.50","no"
62,"Bed Highball",111,"Promo Focus","Documentary","2.99","17.94","6","2",5,"5.67","yes"
64,"Beethoven Exorcist",111,"Promo Focus","Drama","0.99","10.89","11","3",6,"4.73","no"
66,"Beneath Rush",111,"Promo Focus","Children","0.99","9.90","10","3",6,"4.20","no"
76,"Birdcage Casper",111,"Promo Focus","Music","0.99","8.91","9","3",4,"5.22","yes"
82,"Blood Argonauts",111,"Promo Focus","Family","0.99","9.90","10","2",3,"5.50","yes"
94,"Braveheart Human",111,"Promo Focus","Family","2.99","14.95","5","2",7,"4.00","no"
107,"Bunch Minds",111,"Promo Focus","Drama","2.99","14.95","5","2",4,"5.40","yes"
136,"Chaplin License",111,"Promo Focus","New","2.99","23.92","8","3",7,"4.25","no"
180,"Conspiracy Spirit",111,"Promo Focus","Classics","2.99","14.95","5","2",4,"3.80","no"
213,"Date Speed",111,"Promo Focus","Family","0.99","12.87","13","4",4,"5.85","yes"
225,"Destination Jerk",111,"Promo Focus","Drama","0.99","7.92","8","3",3,"5.63","yes"
237,"Divorce Shining",111,"Promo Focus","Sports","2.99","20.93","7","2",3,"4.29","yes"
238,"Doctor Grail",111,"Promo Focus","Children","2.99","20.93","7","2",4,"5.14","yes"
257,"Drumline Cyclone",111,"Promo Focus","Travel","0.99","10.89","11","3",3,"5.27","yes"
261,"Duffel Apocalypse",111,"Promo Focus","Documentary","0.99","6.93","7","2",5,"1.71","no"
283,"Ending Crowds",111,"Promo Focus","New","0.99","10.89","11","3",6,"4.64","no"
291,"Evolution Alter",111,"Promo Focus","Sports","0.99","11.88","12","4",5,"5.25","yes"
306,"Feathers Metal",111,"Promo Focus","Games","0.99","10.89","11","3",3,"5.73","yes"
315,"Finding Anaconda",111,"Promo Focus","Family","0.99","11.88","12","3",4,"4.92","yes"
335,"Freedom Cleopatra",111,"Promo Focus","Comedy","0.99","4.95","5","2",5,"2.80","no"
339,"Frogmen Breaking",111,"Promo Focus","Travel","0.99","9.90","10","3",5,"5.00","yes"
343,"Full Flatliners",111,"Promo Focus","Children","2.99","14.95","5","2",6,"3.60","no"
352,"Gathering Calendar",111,"Promo Focus","Games","0.99","10.89","11","4",4,"4.36","yes"
364,"Godfather Diary",111,"Promo Focus","New","2.99","23.92","8","3",3,"4.50","yes"
401,"Harold French",111,"Promo Focus","Drama","0.99","7.92","8","2",6,"3.13","no"
407,"Hawk Chill",111,"Promo Focus","Documentary","0.99","6.93","7","2",5,"5.00","yes"
423,"Hollywood Anonymous",111,"Promo Focus","Children","0.99","12.87","13","4",7,"4.38","no"
425,"Holy Tadpole",111,"Promo Focus","Classics","0.99","8.91","9","2",6,"5.67","no"
431,"Hoosiers Birdcage",111,"Promo Focus","Foreign","2.99","23.92","8","3",3,"4.88","yes"
454,"Impact Aladdin",111,"Promo Focus","Music","0.99","8.91","9","2",6,"7.00","yes"
477,"Jawbreaker Brooklyn",111,"Promo Focus","Music","0.99","9.90","10","3",5,"2.70","no"
482,"Jeopardy Encino",111,"Promo Focus","Classics","0.99","9.90","10","3",3,"4.50","yes"
490,"Jumanji Blade",111,"Promo Focus","New","2.99","23.92","8","2",4,"4.38","yes"
492,"Jungle Closer",111,"Promo Focus","New","0.99","8.91","9","2",6,"5.67","no"
498,"Killer Innocent",111,"Promo Focus","Family","2.99","17.94","6","2",7,"6.50","no"
507,"Ladybugs Armageddon",111,"Promo Focus","Games","0.99","5.94","6","2",4,"5.67","yes"
509,"Language Cowboy",111,"Promo Focus","Children","0.99","10.89","11","3",5,"4.82","no"
513,"Leathernecks Dwarfs",111,"Promo Focus","Travel","2.99","20.93","7","2",6,"5.43","no"
516,"Legend Jedi",111,"Promo Focus","Music","0.99","8.91","9","3",7,"6.11","no"
520,"License Weekend",111,"Promo Focus","Sci-Fi","2.99","20.93","7","2",7,"3.57","no"
523,"Lights Deer",111,"Promo Focus","Classics","0.99","7.92","8","2",7,"5.75","no"
538,"Loverboy Attacks",111,"Promo Focus","New","0.99","11.88","12","3",7,"5.50","no"
541,"Luke Mummy",111,"Promo Focus","Animation","2.99","20.93","7","2",5,"5.00","yes"
548,"Magnificent Chitty",111,"Promo Focus","Classics","2.99","23.92","8","2",3,"6.38","yes"
549,"Magnolia Forrester",111,"Promo Focus","Action","0.99","10.89","11","4",4,"5.73","yes"
566,"Maude Mod",111,"Promo Focus","Foreign","0.99","7.92","8","2",6,"4.63","no"
577,"Mile Mulan",111,"Promo Focus","Sports","0.99","12.87","13","3",4,"5.85","yes"
584,"Mixed Doors",111,"Promo Focus","Foreign","2.99","11.96","4","2",6,"5.75","no"
593,"Monterey Labyrinth",111,"Promo Focus","Horror","0.99","12.87","13","4",6,"3.92","no"
612,"Mussolini Spoilers",111,"Promo Focus","Sports","2.99","14.95","5","2",6,"4.20","no"
630,"Notting Speakeasy",111,"Promo Focus","Drama","0.99","9.90","10","3",7,"4.90","no"
636,"Oleander Clue",111,"Promo Focus","Music","0.99","9.90","10","3",5,"6.60","yes"
656,"Papi Necklace",111,"Promo Focus","Travel","0.99","7.92","8","2",3,"5.25","yes"
674,"Pet Haunting",111,"Promo Focus","Foreign","0.99","7.92","8","3",3,"5.25","yes"
675,"Phantom Glory",111,"Promo Focus","New","2.99","17.94","6","2",6,"4.17","no"
684,"Pizza Jumanji",111,"Promo Focus","Games","2.99","20.93","7","2",4,"4.43","yes"
736,"Robbery Bright",111,"Promo Focus","Family","0.99","12.87","13","4",4,"5.38","yes"
750,"Run Pacific",111,"Promo Focus","New","0.99","9.90","10","3",3,"6.50","yes"
751,"Runaway Tenenbaums",111,"Promo Focus","New","0.99","7.92","8","2",6,"4.88","no"
752,"Runner Madigan",111,"Promo Focus","Music","0.99","7.92","8","3",6,"4.00","no"
754,"Rushmore Mermaid",111,"Promo Focus","Comedy","2.99","17.94","6","2",6,"3.33","no"
766,"Savannah Town",111,"Promo Focus","Drama","0.99","11.88","12","3",5,"5.33","yes"
808,"Sling Luke",111,"Promo Focus","Classics","0.99","5.94","6","2",5,"5.50","yes"
821,"Sorority Queen",111,"Promo Focus","Foreign","0.99","11.88","12","4",6,"3.92","no"
822,"Soup Wisdom",111,"Promo Focus","Family","0.99","7.92","8","2",6,"4.38","no"
868,"Superfly Trip",111,"Promo Focus","Travel","0.99","9.90","10","3",5,"3.90","no"
876,"Tarzan Videotape",111,"Promo Focus","Horror","2.99","23.92","8","2",3,"4.50","yes"
885,"Texas Watch",111,"Promo Focus","Horror","0.99","5.94","6","2",7,"3.17","no"
899,"Towers Hurricane",111,"Promo Focus","Classics","0.99","10.89","11","3",7,"4.00","no"
910,"Treatment Jekyll",111,"Promo Focus","Drama","0.99","6.93","7","2",3,"3.57","yes"
923,"Unfaithful Kill",111,"Promo Focus","Drama","2.99","23.92","8","3",7,"5.38","no"
926,"Untouchables Sunrise",111,"Promo Focus","Documentary","2.99","23.92","8","2",5,"5.63","yes"
931,"Valentine Vanishing",111,"Promo Focus","Travel","0.99","11.88","12","3",7,"5.75","no"
959,"Warlock Werewolf",111,"Promo Focus","Children","2.99","17.94","6","2",6,"4.50","no"
965,"Watership Frontier",111,"Promo Focus","Horror","0.99","5.94","6","2",6,"6.17","yes"
978,"Wisdom Worker",111,"Promo Focus","Comedy","0.99","8.91","9","3",3,"5.11","yes"
997,"Youth Kick",111,"Promo Focus","Music","0.99","5.94","6","2",4,"5.67","yes"
